"","Dataset","Testing_Proportion","Trait","COR_BayI_Ave","COR_BayNI_SD","COR_Trans_Ave","COR_Trans_SD","MSE_BayI_Ave","MSE_BayNI_SD","MSE_Trans_Ave","MSE_Trans_SD","NRMSE_BayI_Ave","NRMSE_BayI_SD","NRMSE_Trans_Ave","NRMSE_Trans_SD","PM_Conv_Ave_10","PM_Conv_SD_10","PM_Transf_Ave_10","PM_Transf_SD_10","PM_Conv_Ave_20","PM_Conv_SD_20","PM_Transf_Ave_20","PM_Transf_SD_20","PM_Conv_Ave_30","PM_Conv_SD_30","PM_Transf_Ave_30","PM_Transf_SD_30"
"1","EYT_1",0.15,"DTHD",0.522037917764396,0.0672273294835666,0.73298492792717,0.0483500794270305,31.9812936201499,4.17367402724754,20.311360350419,2.86438959427783,0.0689147165835588,0.00452431198941539,0.0548987952680737,0.00388668443427404,20,9.41368896421972,38.7878787878788,10.8684229774465,40.2898550724638,8.13283313469444,51.8840579710145,5.2206720147865,53.3333333333333,5.5513454633233,61.6666666666667,5.1117120549977
"2","EYT_1",0.15,"DTMT",0.483665779396893,0.0680125287860922,0.687536752718218,0.0510444772930484,24.3341725827788,2.90874517055511,16.6860650341919,2.02937913747758,0.0399350423166656,0.00235465700917801,0.0330650072637097,0.00195592004150583,22.7272727272727,8.94295666477747,36.3636363636364,11.4521134611087,32.3188405797102,8.12618989137005,46.0869565217391,7.99639425797354,45.8823529411765,5.21399896073841,55.9803921568627,5.22516544803536
"3","EYT_1",0.15,"GY",0.409743188175072,0.0840551818376545,0.441359471774807,0.0790468507936675,0.183213515145225,0.0274584788078949,0.177081002291675,0.0250170326047377,0.069499232595527,0.00515690789005194,0.0683246703351575,0.00476134250400413,36.0606060606061,9.96936337090657,38.1818181818182,13.2192508181688,43.0434782608696,8.65753265567685,44.3478260869565,8.74103968626508,49.4117647058824,6.98099429597126,49.9019607843137,7.77612100757379
"4","EYT_1",0.15,"Height",0.374750507521656,0.0704859083358397,0.492938925991049,0.0697105690135586,15.2967521789997,2.33624902558736,13.3987194525272,1.99429634309428,0.038313194460753,0.00289961067758816,0.03584908605465,0.00266189545907319,20.6060606060606,9.08871309847384,30.9090909090909,11.6610819926301,35.9420289855072,6.75425114457518,40.4347826086956,6.42274892119844,44.8039215686275,7.30983526301899,51.7647058823529,5.28429972159311
"5","EYT_1",0.3,"DTHD",0.504318514541378,0.0636769033914856,0.731660061081758,0.0427230380975795,32.7420106117821,3.70654139794616,20.3483908330694,2.48880773647963,0.0698028026865226,0.00400467669553337,0.0550060397743957,0.00340448498261763,20.6521739130435,9.32398068897349,38.7865612648221,10.2083744530954,40,7.12513399110391,52.1956521739131,4.8387806242995,52.6777493606138,5.2506986054926,62.3550724637681,5.41396161251228
"6","EYT_1",0.3,"DTMT",0.477298743081949,0.0637002945093376,0.685531091914697,0.0464952867282659,24.6847742955189,2.75334708178698,16.8880583655711,1.97150844049384,0.0402385026812113,0.0022296295179299,0.0332764918796186,0.00191031784203697,22.4440052700922,8.62913177559008,36.1495388669302,10.5307704332702,32.8623188405797,7.36094826636239,46.286231884058,7.25406862143823,45.9335038363172,4.92207006999519,56.3693520886615,4.9927523581854
"7","EYT_1",0.3,"GY",0.40466341418038,0.0742679958903517,0.439846019206705,0.0696812005870944,0.181415157949272,0.0250903932703812,0.174802818196777,0.0229989928526067,0.0691662031426787,0.00473915295427483,0.0678908644873576,0.00441713851357599,36.1034255599473,9.32750465613621,38.201581027668,11.9250249253099,42.6268115942029,7.88031243683669,43.9492753623189,7.99403723603693,49.244813867576,6.17594331261469,50.228402955385,6.84563056938283
"8","EYT_1",0.3,"Height",0.378734254803062,0.0671546398809869,0.496062410316357,0.0669152817261083,15.2652485431498,2.11544331105892,13.37761648004,1.83131507256341,0.0382847280238756,0.00262498757952517,0.0358292954828663,0.00243801296386836,20.3096179183136,8.32481268685505,30.3194993412385,10.6718850449873,35.5072463768116,6.33917842498124,40.6340579710145,6.4517949715822,45.2092213697073,6.6694831461757,51.6737709576584,5.24477135386406
"9","EYT_1",0.5,"DTHD",0.49495607117925,0.0555024883502683,0.730330248417595,0.034994106537164,33.3107613198473,3.30832494107981,20.5056768715541,2.03323107350481,0.0704830966483651,0.00357935640527113,0.0552932490572667,0.00279116486670034,20.932112890923,8.04119351109666,39.6831703765342,8.80582822141666,40.2845156369184,6.35558909322518,52.6670480549199,4.76555915130217,52.5534691374643,4.67099823802524,62.8198576150521,4.61676383543849
"10","EYT_1",0.5,"DTMT",0.463956635571883,0.0576777192461935,0.680847652917884,0.0397017121499601,25.1830066891934,2.46208116807552,17.1709516436896,1.79265909721174,0.0406682157444007,0.0019979038480001,0.0335749890027406,0.00174973136349863,22.1222522709937,7.83424761897018,35.7649145921457,9.06649813773641,33.3060005085177,6.2090790570568,46.6034197813374,6.11204608226831,45.7815592547724,4.40183847836764,56.8599968591556,4.42934908324169
"11","EYT_1",0.5,"GY",0.393522460612269,0.0613498152628218,0.433260331492044,0.0577966712555808,0.179814509624992,0.0209321677811335,0.172661823812858,0.019423727380156,0.0688989912685221,0.00398459693161054,0.0675093733896013,0.00377547188406202,35.4873679587638,8.42553241668831,37.6698333448905,10.0642000612388,41.615179252479,6.73798848232877,43.1709255021612,6.83372189882795,48.6857435575298,5.12870490345335,50.3454118743862,5.54577591972631
"12","EYT_1",0.5,"Height",0.376820374516704,0.0607057238313405,0.497502714108918,0.0599012951903459,15.2607854251335,1.76229401550877,13.3456745077789,1.55257601545474,0.0382991534121011,0.0021877657557595,0.0358027517073815,0.00206249441077471,19.9963594757645,7.29514072990162,29.7018237292837,9.11713359769157,34.6437198067633,5.64445244175917,40.921052631579,6.11348877843449,45.2050834317963,5.63292112468589,51.5480748617779,4.90006600346817
"13","EYT_1",0.75,"DTHD",0.478296045007763,0.0580151489316875,0.727481994336406,0.0315425471714471,34.1235243322303,3.2990886846642,20.7370676731648,1.86421936457248,0.071349778642619,0.00354389640374993,0.0556231333681368,0.00255081921500475,20.5596872616323,7.13246687199318,40.0089799597809,7.94871966255407,39.6659420289855,5.90940192546335,52.8977688787185,4.73860424167397,51.6061472377786,4.74556381050404,62.7462415518067,4.10690555468686
"14","EYT_1",0.75,"DTMT",0.44551846686829,0.0601788048757985,0.675652254709748,0.0361812253941833,25.6981878845396,2.40458330238402,17.3696639787643,1.61353708365027,0.0410848823993432,0.0019431877473394,0.0337779024385771,0.00157634501224749,21.742886531216,7.07988057276335,35.3263758870166,8.11135223526933,32.7619501652683,5.73194374784428,46.6347889651665,5.42613607074078,45.0337720848958,4.27167269145648,57.0265490049993,3.91343018638621
"15","EYT_1",0.75,"GY",0.378242108790692,0.0602372295800113,0.421744803090028,0.055420833043301,0.181486331035161,0.0184385411873367,0.17385006091442,0.0170911400801106,0.0692593201169891,0.00351948296681182,0.0677786289141474,0.00333013063894335,34.2103096179183,8.0401025544559,36.784088019786,9.29781297222305,40.519498474447,6.21075685268608,42.4893370200864,6.17771852689962,47.9982001448336,4.70402156778381,49.893690596852,4.96756342116366
"16","EYT_1",0.75,"Height",0.357615113145081,0.0642789473060748,0.489205417068873,0.0559004237885242,15.4537824034568,1.59800035805713,13.4459832402777,1.38984750612581,0.038551252258397,0.001986175345865,0.0359479471674519,0.00184905625303465,19.5142644985322,6.8239242604274,29.3490251485103,8.2154590749095,33.62288647343,5.32792390033802,40.6870232646834,5.53452969803721,44.2882442447707,5.1821484811332,51.1642657583377,4.53098425061945
"17","EYT_1",0.8,"DTHD",0.460029265848461,0.0639098686482619,0.723776903671246,0.0295754291304494,35.0184690684314,3.47822295213164,21.0179545350002,1.79378521428936,0.0722687481090956,0.00368279837547649,0.0559998520256558,0.00244052604723472,20.1752954195896,6.60074508590232,39.7663799149919,7.20617357319452,38.8492349101549,5.62299816592714,52.7947344037214,4.55230477265403,50.5090369493723,4.93008935354655,62.5063860867588,3.80794171932841
"18","EYT_1",0.8,"DTMT",0.426704334366578,0.0654359949021939,0.67094173194489,0.034048126079581,26.2916636983798,2.48262485901713,17.6013340213808,1.53721912712527,0.0415529817328339,0.00198929330450559,0.0340038654197189,0.0014973339684017,21.300057066141,6.62125356004614,34.8803964164282,7.38236811599804,32.1678939865701,5.50179863800106,46.4808527466206,4.9408626800782,44.2332506767601,4.29403377721314,56.9615096536106,3.59672931349343
"19","EYT_1",0.8,"GY",0.36170048630714,0.0632269217127914,0.410956596985267,0.0547710387874831,0.18434378255859,0.017529861934688,0.175717891143774,0.0158277264719916,0.0698213713986168,0.00334972306455631,0.0681600856297792,0.00308709745269586,33.0034073431165,7.83405374585578,36.0398405785734,8.84266262431182,39.5332984769479,5.99649921007546,41.9496672231184,5.74665254828595,47.4079084195551,4.44335693562096,49.4877195091491,4.58344802960197
"20","EYT_1",0.8,"Height",0.33431296933143,0.0744976568586509,0.477380076092986,0.0563243953247511,15.7551637467677,1.57835391622725,13.6479798766409,1.32529373879591,0.0389267495191034,0.00195551295112175,0.0362210726997291,0.00176140504724993,18.750644125541,6.43419322783537,28.6246117910924,7.64339411712251,32.5555862437634,5.31447408771027,40.1238291068012,5.20229396066973,43.3499352019439,5.17432676966782,50.6171204514897,4.3812173544336
"21","EYT_2",0.15,"DTHD",0.471354644349693,0.0646597905009625,0.752307405586891,0.0368632168561999,10.2626601166958,1.30045741002329,5.70106777263343,0.703934960009143,0.0412588217819094,0.0026402261834824,0.0307567266264746,0.00193272318137772,32.5,11.421564040577,46.1363636363637,10.9299209873308,40.6521739130435,7.14659086653946,58.9130434782609,6.63279119179571,50.2142857142857,5.89373380777292,66.5714285714286,5.97564965492503
"22","EYT_2",0.15,"DTMT",0.461091141329301,0.0682344976730179,0.650717627583503,0.0516489502852349,8.71547631545912,1.30085903828154,6.32915687127451,0.887564056297847,0.0261869961384307,0.00197740251541038,0.0223204861972364,0.00157422175939739,42.0454545454545,11.4222251003991,46.3636363636363,9.09107234916639,48.9130434782609,6.62116943555965,54.4565217391304,8.25227290693492,54.2857142857143,6.81003390272196,60.6428571428572,6.70442269927793
"23","EYT_2",0.15,"GY",0.480004940852097,0.0676940887249874,0.513041008769792,0.0637244452960572,0.0994992867264606,0.0142177596674131,0.0951849601572987,0.014175322507202,0.0739515735353811,0.00541538613075065,0.0722788160143928,0.00559559491294162,16.5909090909091,9.92785498284496,18.6363636363636,9.78433673219929,35.8695652173913,6.63842663589998,37.6086956521739,7.55738542988443,50.9285714285714,5.36164206645183,51.2142857142857,5.43486293638584
"24","EYT_2",0.15,"Height",0.300597481623849,0.0834447723897146,0.416652491535375,0.0710155993151598,25.9284840066569,3.27263322272746,23.4762198253855,2.74492544607124,0.0545835263850183,0.00338710299242267,0.0519625043261764,0.00298209055047356,16.8181818181818,10.2808823581112,21.3636363636364,10.9285782047049,33.9130434782609,8.61277598589045,39.1304347826087,8.01420318442621,44.9285714285714,7.32946521101454,48.2142857142857,6.54397590417144
"25","EYT_2",0.3,"DTHD",0.468450513159685,0.0618279624680236,0.747577016799978,0.0353228344310994,10.2712333194188,1.30373122328903,5.76885551811918,0.677401859867496,0.0412696332173412,0.00263372384838022,0.0309318282495791,0.00184280850103852,33.3370976849238,10.6675997463072,47.5127046866177,10.5762767948789,40.8850931677019,6.87332963818837,57.9347826086956,5.90660695974811,50.0570837030464,5.54495682496424,65.7929606625259,5.45470542697892
"26","EYT_2",0.3,"DTMT",0.460904108627594,0.0633324920904339,0.649912252954282,0.0482174832883199,8.73888444392105,1.18361860757317,6.36095720303068,0.821158127108784,0.0262271699459916,0.00179731916585056,0.0223756637033107,0.00145450233286138,42.1590909090909,10.6782857407016,46.6477272727273,9.02693108089825,48.5733695652174,6.44202021088519,54.5652173913043,7.52700779404546,53.8392857142857,6.27034404531946,60.5364906832298,6.30596377900014
"27","EYT_2",0.3,"GY",0.478653398902346,0.0603372918945288,0.512616287247669,0.0576101134034988,0.10118986857316,0.0134657539302697,0.0966850623012518,0.0132026240116432,0.0745771941836978,0.00512767219068989,0.0728588820491322,0.00520394193087766,17.3888339920948,8.95437189704865,19.9555335968379,9.4132738097561,36.3858695652174,6.30603995367864,37.6494565217391,6.94199002782251,50.814182194617,4.94813900717974,51.1009316770186,5.15402390606978
"28","EYT_2",0.3,"Height",0.299528580183164,0.0748976102907654,0.414557104924872,0.0645693890735708,26.1348385622691,3.07838728285397,23.698385113573,2.61547728038463,0.0548298289095759,0.0032064222979798,0.0522272439067218,0.00285781603001899,17.1245059288538,9.73669049163734,21.7020750988142,10.1972564705124,33.0706521739131,7.96405249360439,38.7771739130435,7.39504130096956,44.0587474120083,6.87366455074022,47.791149068323,6.20950270263894
"29","EYT_2",0.5,"DTHD",0.456261883017886,0.0574892296911681,0.743792311236653,0.0310477035097707,10.3325399318239,1.1384067442513,5.78831294032719,0.611505183076732,0.0413986819320532,0.00230156207001524,0.0309740646174322,0.0016571510642767,33.7449354611826,9.0063521372799,49.0311252439399,9.45907176085835,40.5402516737921,6.06119477481946,57.7257938748622,5.32654939633055,49.2613370185656,5.04599561563382,64.9632904636117,4.58116344964477
"30","EYT_2",0.5,"DTMT",0.454281725043502,0.0566307199410189,0.647579585597996,0.0420507624826953,8.82415612664773,1.00148904577614,6.41215505419343,0.712547752580347,0.0263645081258506,0.00151745763358066,0.0224665642638254,0.00125995528708357,41.7513955342903,9.39558769015062,46.664673046252,8.37608478993384,47.8137939958592,6.09872663699578,54.6741483154527,6.38297171671115,52.9746510673235,5.47481801664453,60.2327184621975,5.54612570840625
"31","EYT_2",0.5,"GY",0.47164950868111,0.0514008912306412,0.507826158681071,0.0491931704059078,0.10349422896345,0.0122791878475583,0.0986572047603487,0.011757163323974,0.0754334495524534,0.004669841108674,0.0736267896724355,0.00462188124994333,18.0503692531724,7.74107556576053,21.2157617363567,8.5518369159527,36.5743224167137,5.78648378964311,37.4204192546584,6.07257647737946,50.3748274672188,4.44912577207311,50.8696767687585,4.60287631687536
"32","EYT_2",0.5,"Height",0.295794613895643,0.0627101187900093,0.411069371895243,0.0544083389860198,26.4651322147097,2.71079676598529,24.026146127151,2.33388170784292,0.0552206100721749,0.00284953809091509,0.0526192509288514,0.00257219491902173,17.3765688925872,8.66740795045816,22.0074457388531,9.13858183625841,31.8622953133823,7.0039892273502,38.2699275362319,6.40252122318216,42.6933557031008,6.0456753060614,47.0631425358749,5.65757564191567
"33","EYT_2",0.75,"DTHD",0.436140290505194,0.0610764362112423,0.740505319891435,0.0281093107358718,10.5551324121161,1.08020225690055,5.84396525547429,0.551706312923363,0.041844257577467,0.00217492223838576,0.0311255261174803,0.00149628896516005,33.112587588639,8.20124212601163,49.2147513905385,8.27678331935751,39.5848168216448,5.8036958132475,57.6312997258328,4.85105155796717,48.4545580101106,4.7789503478214,64.5811957966595,4.09130326450467
"34","EYT_2",0.75,"DTMT",0.438390396601782,0.0574158915252311,0.643783043858448,0.0379337272431349,8.99501945684226,0.940346791010569,6.47453178257507,0.65028107303505,0.026623597956649,0.00141659006383222,0.0225787170533024,0.00114697025187477,40.8446247868889,8.5064394025524,46.1474058873673,7.40789931082144,46.8926083833083,5.7820534946759,54.4699347769297,5.67029095199212,52.0662715517241,5.16372335850842,59.8171773488256,4.9317760326245
"35","EYT_2",0.75,"GY",0.454845283299744,0.055736929686249,0.494921693530496,0.0497027761766156,0.105606800923401,0.0120481404062562,0.100376368966259,0.0112615077279308,0.076200484914777,0.00453356790481592,0.0742764332961233,0.00438827082314963,17.6844304372933,7.19812506554156,21.022993288045,7.66556692266887,35.6730974001635,5.53185683665281,36.760565029985,5.65121124838585,49.3773217557888,4.51445827305529,50.2393412668666,4.37796519058699
"36","EYT_2",0.75,"Height",0.283968854410662,0.0613589660189333,0.40504601772478,0.0499005629550668,26.7859016155249,2.46466630312772,24.2806715291572,2.10865448575046,0.0555770188767318,0.00259584222229899,0.0529161548300182,0.00233067902487714,17.0374072084771,7.77769040670086,21.9592614727325,8.38329546001578,30.9752368134115,6.47515953263632,37.8315139305347,5.83585026832008,41.4974179576878,5.66224368654618,46.4666494877561,5.19871317601157
"37","EYT_2",0.8,"DTHD",0.413914308317424,0.0704299095023118,0.737648504098478,0.0261079567298807,10.8269470648147,1.12254532483368,5.90634864003841,0.514560290015485,0.0423767247497071,0.00223674218249201,0.0312942132512052,0.00139333024265411,31.9875099548103,7.93272810765011,49.2666588590696,7.54782954231188,38.5785657353859,5.69975877341138,57.4192356586683,4.48181459119504,47.4833617424336,4.75505194685219,64.3352394901957,3.759291387465
"38","EYT_2",0.8,"DTMT",0.419722067791556,0.0644810394457726,0.639622673025808,0.0356109566764447,9.20850562542068,0.976249425242632,6.55132250246179,0.618369594913785,0.0269368157422308,0.00145181587899633,0.0227147624369746,0.00108579128964091,40.030202684003,7.92295643647881,45.7349748324827,6.76932796397499,45.947756500494,5.55314434595214,54.1615180149504,5.17464641014991,51.0394560424281,5.15271085473667,59.4388689799686,4.51934157135579
"39","EYT_2",0.8,"GY",0.43438885086059,0.0649256366016979,0.479378821982478,0.0544318921432635,0.108384083539414,0.0123321732707478,0.1027649513446,0.0112686093793954,0.0771912790854506,0.0045692924285687,0.0751563642977431,0.00432950040592579,17.2335866837572,6.6998914740982,20.683314510749,7.07290795243397,34.6179772984004,5.44993395981591,35.9854741767941,5.40126509160974,48.2321528463879,4.6796634701002,49.384592316457,4.35111996768885
"40","EYT_2",0.8,"Height",0.267542763878403,0.0651743741694644,0.397913763066459,0.0474426534061356,27.1011174435469,2.31624424062998,24.5031242591315,1.95228292808646,0.0559153637213088,0.00243959762425369,0.0531695054771626,0.0021591119409771,16.4441914880459,7.25229802356604,21.9473114167372,7.62766265190208,29.9974391600806,6.21673439368077,37.3871353133917,5.45161566957096,40.4229882754476,5.54301862621185,46.0373624031878,4.78107195973179
"41","EYT_3",0.15,"DTHD",0.48184142654046,0.0601355177565843,0.706889418677383,0.0380623199808973,7.04059060860775,1.04483593326715,4.56047311382213,0.699954209825548,0.0322584034512905,0.00241543522540674,0.0259466456919958,0.00201325697632257,33.2142857142857,12.0678613027755,46.9642857142858,12.9805388700406,42.2413793103448,5.80662683991626,54.9137931034482,6.12761546947889,50.6976744186047,4.76723972009342,62.0348837209302,5.1011256638068
"42","EYT_3",0.15,"DTMT",0.477315963328159,0.0694244312625125,0.626073497847615,0.051518764282435,6.23970672653185,0.865384557151268,4.88773634274343,0.663513648871714,0.021582080488375,0.001504779377219,0.019099774558956,0.00130896585154782,29.1071428571429,7.14331003904025,38.0357142857143,10.6903628293146,38.9655172413793,7.62908856404035,46.6379310344828,7.0254123687736,52.3837209302325,5.18228182791153,58.0813953488372,5.28860052386237
"43","EYT_3",0.15,"GY",0.412189931037595,0.0512340532132167,0.455595923384923,0.0482034043253621,0.0810276371359268,0.00819343313313411,0.0767591002023553,0.0079375734704182,0.0756045123026201,0.00402337920215687,0.0735425437421737,0.00401833831709866,27.8571428571429,8.37395338718954,30.7142857142857,8.22387751012631,42.8448275862069,5.75344116395271,43.3620689655173,5.66348123541565,48.7209302325581,5.46202061957417,49.8837209302325,5.00578164785959
"44","EYT_3",0.15,"Height",0.425507014432459,0.0575764489526664,0.459429444068096,0.0576051906549815,22.1914497169297,2.14827923119713,21.3009727891083,1.93684666467822,0.0611480341388585,0.00296964382105556,0.0599144645817984,0.00271361711107234,24.8214285714286,10.4152057618891,24.8214285714286,9.76958077114216,39.1379310344827,7.60034528651975,41.9827586206897,6.8843835353358,49.8255813953488,5.35554096894725,51.860465116279,5.10778639915945
"45","EYT_3",0.3,"DTHD",0.474437391185999,0.0547640963853811,0.709476121637537,0.0344637538694801,7.17441068465531,0.973372833352507,4.57137311877103,0.644589482830485,0.0325788365875911,0.00225210894233484,0.0259846872516297,0.00185608497017509,33.8001407459535,10.8150936348721,46.8877551020408,11.3847418875777,42.3275862068965,5.50754477074467,54.9137931034483,5.80693875568215,51.1496162217894,4.68572170047434,62.6700271126895,4.51602062074144
"46","EYT_3",0.3,"DTMT",0.472047985047725,0.0633807622143344,0.62634531683903,0.046734829384408,6.28457628866212,0.776884859792523,4.8903782518488,0.592869273801106,0.0216679672828645,0.00135046516652397,0.0191110736115643,0.0011696712818122,28.7269088669951,7.06724968902974,37.7078201970443,9.88411533295834,39.051724137931,7.01492901039535,46.8318965517241,6.62553020989269,52.2044573643411,4.92272503500708,58.3598970863406,4.95724584696864
"47","EYT_3",0.3,"GY",0.408030928779558,0.049497246391887,0.452845652438657,0.0462003618545744,0.0813903606279279,0.00792305976557098,0.0769959173333652,0.00765030414989251,0.0757859623475035,0.00388058736249486,0.0736637292176392,0.00385233792403791,28.1557881773399,7.68014160396401,30.6865763546798,7.87165405225699,42.3922413793103,5.59371018101525,43.3512931034483,5.5834435797338,48.3366746859128,5.1025388338983,49.8337677091687,4.74804020598335
"48","EYT_3",0.3,"Height",0.421557945032612,0.052496737491243,0.456393936951664,0.0520594564742144,22.5345302745124,2.06809291942372,21.6343721051842,1.917772989544,0.0616097337684183,0.00284648939938741,0.0603681144960705,0.00267995410737874,24.9307266009852,9.7925549437852,25.2540024630542,9.09680178178113,39.1379310344827,6.9040703489022,41.6379310344827,6.26767701297657,49.5459101844427,5.15759255262895,51.5821304464047,4.78457910238154
"49","EYT_3",0.5,"DTHD",0.459907740240755,0.0524669192328036,0.707611590970705,0.0301377090209596,7.31769491394429,0.816744418372,4.6075672146714,0.518895860659296,0.0329237151839877,0.00188356900627247,0.0261044718136078,0.00149240279164452,33.3109996872312,9.16557188854494,46.7079130502776,9.27082755998893,41.8792761357417,5.33794716223178,54.9033593322387,5.17804121012923,50.7326658053402,4.16672837588152,62.8720012686533,3.96346549227188
"50","EYT_3",0.5,"DTMT",0.460500616187651,0.0544232979268491,0.624691624333795,0.0388275054556665,6.37333834597282,0.653148874142476,4.91394895521175,0.490627815648969,0.0218329708105049,0.00113521736044648,0.0191655634543461,0.000968801756705005,28.005909619595,6.67710065731881,37.1655634236453,8.49835747027842,38.9604286398468,6.00227578635928,46.8705100574713,5.87696139220157,51.6240040913006,4.5043772807074,58.523897168018,4.33528217980974
"51","EYT_3",0.5,"GY",0.398005322873579,0.0460151388607798,0.444739282765989,0.042540347605587,0.0821627738016796,0.0073270445109687,0.0776330025533257,0.0070306869075811,0.0761573318358428,0.00356786347941733,0.0739725356719459,0.00350918511047594,28.1304306923919,6.61045381615712,30.1931530514505,7.12078021008631,41.7422473659004,5.13567476731258,43.1440074233716,5.16805127296085,47.8017844679081,4.49227215328705,49.6172991104577,4.27373237739445
"52","EYT_3",0.5,"Height",0.410768846938568,0.0475258048176778,0.448751476245341,0.045305950426511,23.0186466651894,1.90655650387086,22.0686285140272,1.80405247463283,0.0622655291131297,0.00260760225454739,0.0609645132481331,0.0025131006690396,24.9899510810071,8.51146489788424,25.7544386288998,7.87951879823676,38.9691091954023,5.7968229447232,41.2468570402299,5.3101696014168,49.0297361816508,4.72114898416316,51.1993437026642,4.1865763208425
"53","EYT_3",0.75,"DTHD",0.435936629022598,0.0633867219791884,0.704426698379652,0.0275658392933198,7.51503920563487,0.798622033497826,4.65469375154374,0.460578112792629,0.0333682077558745,0.00182178043847155,0.0262450627962906,0.00132090244093369,31.8736438540934,8.50950549681172,46.5831476268668,8.10905860818159,40.6107604679803,5.41968281215541,54.6610307197592,4.66145970155438,49.608152820738,4.39053381971324,62.632906939618,3.66939295622756
"54","EYT_3",0.75,"DTMT",0.440842707168096,0.0593565876895163,0.619077791403618,0.0356675645756623,6.50914696394173,0.630995501620012,4.97252683509746,0.444653869222576,0.0220672499315721,0.0010906863266174,0.0192823473787152,0.000877275700062919,27.1149874281609,6.30832874823702,36.7637242576628,7.65246201482733,38.3035500478927,5.5179769072913,46.6114403735632,5.28303070319656,50.5795111972437,4.46753164755353,58.2132557953904,3.87604976942691
"55","EYT_3",0.75,"GY",0.383050273241618,0.0485439964309202,0.432555186646731,0.042819783187047,0.0833911580921052,0.00697419448628214,0.0787438429646973,0.00660318497754752,0.0767289720491127,0.00336267652865807,0.0744984579314208,0.0032672225519093,27.182186901341,6.25815220839978,29.1842522749042,6.57190102666798,41.0088526700192,4.87071026116655,42.7005881824713,4.65008061188214,47.218482923832,4.19719698591268,49.2185098402833,3.9178677114616
"56","EYT_3",0.75,"Height",0.393880975052375,0.0521853450885633,0.436581748331298,0.0464653049661837,23.4063821987977,1.84009896951663,22.3790996679036,1.71423660573057,0.0627915119693083,0.00250353555974913,0.0613959424437506,0.00237877433673144,24.8779483955939,7.43118343695,25.8410410680077,6.98412454231957,38.5183937978927,5.19551584720505,40.8834336087165,4.82880820164803,48.361035234563,4.41082885316789,50.755483878902,3.83131175110819
"57","EYT_3",0.8,"DTHD",0.410037895595101,0.0767304931239523,0.70076380845763,0.0262959528029549,7.72881751623026,0.829275306197717,4.70930150368133,0.430577311960837,0.0338396597779537,0.00187034595916365,0.0264019806438462,0.00123173277389041,30.2877657201857,8.36832618900704,46.2791137092245,7.3407324081302,39.1272794580215,5.80437897875173,54.3407568160493,4.2922805025302,48.3393568824782,4.76384467517073,62.4353918121281,3.39558698564531
"58","EYT_3",0.8,"DTMT",0.416848284760384,0.0711695567618374,0.612290019399752,0.0355350298623001,6.67420642054048,0.650996062735195,5.0423829808319,0.425314530249738,0.0223450058849202,0.00111483955910887,0.0194180745929824,0.00083545268400985,26.1908149770488,6.1428355153635,36.5062853364308,7.12101420991007,37.4622110109718,5.34424164592788,46.3813010803851,4.90489704650505,49.4360937028088,4.66325913269479,57.8496036049289,3.58747441095106
"59","EYT_3",0.8,"GY",0.365968968817836,0.0561700950367211,0.419719948338517,0.0466685212036447,0.084812058670955,0.00693421637023541,0.0799533874411152,0.00645192800060902,0.0773831713102352,0.00330333631564645,0.0750653649497861,0.00315831335581326,26.0579954797358,6.24581344479162,28.1470887679132,6.37670318302252,40.0083714103784,4.95473877840624,42.0946745199843,4.43663558633405,46.3680569568263,4.23110842243188,48.7012487166169,3.77139081630015
"60","EYT_3",0.8,"Height",0.374721798235535,0.0603636275211317,0.422291502327042,0.0505965648773359,23.8921059466435,1.90962047103335,22.7871117935054,1.74292198034983,0.0634394443922331,0.00257790889833691,0.06195326890256,0.00240308656278682,24.5779238272503,6.79601456545204,25.7315953173981,6.38151559582316,37.8917463194134,4.9362044102873,40.327812744906,4.610132612264,47.5104122458836,4.40058668665287,50.0952477368846,3.75338956710595
"61","Groundnut",0.15,"NPP",0.345892160781098,0.116423537916017,0.392445933663826,0.107936718065765,23.3224535699043,4.55793097188364,22.3718496489761,4.0909807242152,0.326515827007219,0.0301097720752481,0.319921405861208,0.0284550958944046,16.6666666666667,15.2870863869913,17.5,19.4559931779154,35.9259259259259,12.8044756732755,38.5185185185185,14.0747860315606,48.5714285714285,8.80213561854278,50.2380952380952,10.1966567607206
"62","Groundnut",0.15,"PYPP",0.287720420845968,0.0962013772224215,0.317030296660081,0.109451994119611,14.4288647630702,4.00690251235261,14.1717993434617,4.10176050745149,0.343716990034947,0.0399966664846872,0.340155785574176,0.0419258432632616,12.5,12.9986819640281,19.1666666666667,21.2269217763624,30,12.9761678507318,33.3333333333333,13.2118440850062,44.2857142857143,10.687152593244,45.7142857142857,9.97626444832436
"63","Groundnut",0.15,"SYPP",0.266807414570675,0.0956513912071821,0.310423343662808,0.111179585982759,5.47950957493408,1.41670993803781,5.3222060748356,1.39534029512836,0.351645307347739,0.0354569188738959,0.346364173822238,0.035742479428592,14.1666666666667,16.0454839521244,20.8333333333333,18.5490110324945,27.7777777777778,10.9746376896486,33.3333333333333,12.8946018930064,41.4285714285714,10.0722925365263,43.3333333333333,9.5205433218932
"64","Groundnut",0.15,"YPH",0.465858094871283,0.112121162027018,0.522853438160879,0.100618337852855,358893.036452872,60499.0734270099,329594.540794278,59910.742006287,0.431175097377794,0.03482262361824,0.412398191373795,0.0317675953270155,22.5,17.0710123283434,30,17.3206076475302,43.3333333333333,10.2981926307607,48.8888888888889,14.0113208069423,54.5238095238095,11.5982358478747,58.3333333333333,12.4415593642183
"65","Groundnut",0.3,"NPP",0.342035244383526,0.096233834507031,0.393244834076976,0.0855092753791268,22.8007190906053,4.37102233167423,21.7699216127046,3.86692659729162,0.322843966348617,0.0285474131605354,0.315646277461331,0.0265300792928663,17.5,13.8631558405104,18.3055555555556,17.0516697608037,37.1578947368421,11.5792886678009,39.7602339181286,12.1795326053899,49.2142857142857,7.26506356307279,50.6428571428571,8.53533682693973
"66","Groundnut",0.3,"PYPP",0.295812381667196,0.089764638333046,0.32204857754532,0.100111021494548,14.1748396063254,3.60256224611078,13.9418217963041,3.65653055637641,0.341758903025148,0.0362412741787462,0.338619121718174,0.0374447113138559,14.0046296296296,12.9996221827717,20.1157407407408,19.4945726095985,31.359649122807,11.9668392639235,33.4649122807017,12.0236813338234,44.2857142857143,9.80424479292459,45.922619047619,9.30886476616631
"67","Groundnut",0.3,"SYPP",0.273479444105104,0.0900954550519626,0.314469589643936,0.102546408874411,5.41473437478867,1.28642073778368,5.26962711500413,1.25591983122435,0.350457145757719,0.0328052448228678,0.345638431279235,0.0326050478423086,16.2731481481481,15.2974645556461,22.1990740740741,17.2031024511922,28.9473684210527,10.4029974089462,33.3333333333333,11.7767123309183,41.7261904761905,9.44095195702796,43.3035714285714,9.12430523304759
"68","Groundnut",0.3,"YPH",0.479542407702286,0.103239083690266,0.534481134290868,0.092709124863907,352089.977906804,57109.3592345521,323992.967416567,56291.6800599775,0.427692190419731,0.0331075454767088,0.409601691349664,0.0305045072725888,25.1157407407407,16.1567895551166,32.1296296296296,16.6471180664184,44.8245614035088,9.97619376117332,49.8245614035088,12.6487058329267,55.8928571428572,10.7183884461259,58.75,11.1208490209823
"69","Groundnut",0.5,"NPP",0.34789881189228,0.0859302012274976,0.397062078561049,0.0756082795194011,22.6382195779476,3.80686334458664,21.6549363315432,3.3685568516244,0.322158982877663,0.025124621219437,0.315255192373561,0.0232158547766806,18.6277777777778,12.7510331970254,20.575925925926,14.6428391694206,38.5283279884299,10.1352027581502,41.6659749732755,10.5973413143847,49.3168693009119,6.42127437461064,50.6808510638298,7.33763251773626
"70","Groundnut",0.5,"PYPP",0.302820975644787,0.0792404736560717,0.325614140339276,0.0856818821643814,13.8950728475411,3.00070104662418,13.6875125703172,2.99763196149378,0.339669157791566,0.0306602734882526,0.33701213128856,0.0309921216713002,15.9243827160494,12.4452916221309,21.3688271604938,16.3557451030541,32.6782682512734,10.3676704845786,33.6063950198076,10.1206914473581,44.2924687605539,8.41233878895092,46.1020347855454,8.09869937882763
"71","Groundnut",0.5,"SYPP",0.279887594334191,0.0799000825723144,0.317105397550552,0.087853603471488,5.37335710189514,1.080152223805,5.24081099869667,1.04391931097404,0.350003879210284,0.028370648218494,0.345674097650874,0.0278160776543458,18.7978395061728,13.4216141565131,23.7484567901234,14.6725567765604,30.3125196503804,9.40357637502516,33.3870967741936,9.95909114467657,42.2538838230328,8.1657880714993,43.2128081729145,8.08881183253342
"72","Groundnut",0.5,"YPH",0.49658329455486,0.0876418368906663,0.549828943424962,0.0792741201526098,346865.131922739,50464.5012865612,319054.42286802,49025.4311036092,0.424726093966802,0.0295335858175236,0.406837645257517,0.0272444470925331,28.591049382716,14.39978240536,34.8456790123457,14.9474887520849,46.5176381814752,8.99978713418167,51.0277934980821,10.4647048224726,57.765535292131,9.22727548033352,59.5774231678487,9.10892524123284
"73","Groundnut",0.75,"NPP",0.347705922300926,0.0780471926232517,0.39747176707319,0.0668313992055261,22.9326227088751,3.42145579554911,21.8898942289284,2.99953246399269,0.324708915939774,0.0229062407368828,0.317394922233423,0.0209339878190971,19.7247987117552,11.828381755561,22.0317632850242,13.3031466191427,39.302660009285,9.26308071330729,42.2418003561485,9.42127764314048,49.7753007406139,5.93378137195779,50.5318613810523,6.49396948907445
"74","Groundnut",0.75,"PYPP",0.30060930081501,0.0715742192218745,0.323714949824978,0.0765844160186233,13.9511478184624,2.64582621260858,13.7339710706294,2.62643440489979,0.340785260149858,0.0273360696749784,0.338066991068434,0.0275065968201166,16.7427200751476,11.5661238831619,21.9528650026839,14.3655327273559,32.857228864887,9.21777510132439,33.9178075593927,8.88914256767782,44.3017264342557,7.45748982798237,46.1297052409017,7.14571582126229
"75","Groundnut",0.75,"SYPP",0.278280800794087,0.0718808317761416,0.31465250932664,0.0777958241452707,5.42666765544206,0.948640338468321,5.29109465893294,0.916650544155646,0.351914586659368,0.0252045649618764,0.347507876582754,0.0247976095932259,19.3865069779925,11.7291862967306,24.2376878690284,12.9813724781922,30.9144283629076,8.55042708541553,33.6135895676047,8.74852931716554,42.6781581926547,7.13144116059925,43.344685429361,7.03754589081342
"76","Groundnut",0.75,"YPH",0.498420787512835,0.0763049157454023,0.553092656171781,0.0702120583415523,351003.166830493,45222.7243763725,321398.948500134,43521.6529426415,0.426603562526996,0.0263460317789997,0.40773815216517,0.0242874220312199,29.7729133118626,12.8130337198433,35.9849704777241,13.257895392804,46.925650318888,8.019187028138,51.5501006099478,9.1672548157029,58.1744872307129,8.07857898027389,59.9603144873972,7.96934154075752
"77","Groundnut",0.8,"NPP",0.344215729516124,0.0729886099393413,0.396291699318693,0.0618556102532818,23.2126431530937,3.13962083501775,22.114571451161,2.75944568819131,0.327161315217205,0.0211497884030465,0.319448383772055,0.0193065757455449,20.8572512077295,11.0049285221107,23.1088164251208,12.3623633837649,39.6733668217133,8.50371383403964,42.4159671387008,8.60499126964676,49.8380933416851,5.6598070406687,50.2434195317481,5.94149824038886
"78","Groundnut",0.8,"PYPP",0.297000401693321,0.0665617257910352,0.319715591790491,0.0730508290875847,14.0794684673843,2.37489921543872,13.8560290443925,2.35599833713762,0.342771582973139,0.0247132081412186,0.339995832549709,0.0248615438363659,17.4980072463768,10.8518883299837,22.3296014492754,13.3916112421236,33.1485824928775,8.31870061632512,34.2418291209607,8.1565174353658,44.185210178578,6.76952879683294,46.0676639624984,6.50792855268145
"79","Groundnut",0.8,"SYPP",0.273870740567102,0.067865738317242,0.310880003049414,0.0723882694641287,5.48182012385412,0.855656247512904,5.34278539486671,0.825011125386311,0.354024206125469,0.0229754738401823,0.349518936343241,0.0225229687718998,19.481268115942,10.7611152852191,24.355615942029,12.0804160039908,31.4239929580907,7.76087032105767,33.6364451980747,8.01027071850167,42.7781048928885,6.50283299005905,43.5610006154884,6.36331995860585
"80","Groundnut",0.8,"YPH",0.493637278130217,0.0688737462238581,0.551561683325106,0.063845704262074,356169.194386588,42169.6811719645,324662.096984437,40298.8654813333,0.429443462079062,0.0242485114667278,0.409533022002307,0.0225242134523473,30.0456884057971,11.590219724032,36.6973913043478,12.0285269589788,47.091834988038,7.37274640033262,51.8727293407459,8.31569416340101,57.793757599723,7.23181053209614,59.8821868313277,7.16616612646162
"81","Indica",0.15,"GC",0.316043776145027,0.149184318969774,0.350002840441121,0.12873951868733,2.58149670855822,0.663293978664774,2.56273130671702,0.646731983894583,0.4608311175592,0.0408414624863281,0.459190541685654,0.0405689722711468,26,15.8270181695747,25,13.0740408974423,35,14.6769300569332,37,14.2030455021048,49,8.89407302958198,53.6666666666667,8.88349038048854
"82","Indica",0.15,"PH",0.538725235662217,0.145128972125032,0.699097626191395,0.0906438487861596,7.9267214325337,2.45373152721171,5.56549454597842,1.63649144247267,0.0415878169195539,0.00639368902154289,0.0348948935848492,0.00510024012597848,26,22.2966823815239,48,17.6645668665793,50.5,13.9123550397614,64.5,11.3070526756187,63.3333333333333,8.27967645815261,72.6666666666667,10.0538630369712
"83","Indica",0.15,"PHR",0.45297954469,0.15076095387002,0.524705000473946,0.157078910152105,4.84521844359013,1.40784250915657,4.30140992048589,1.26160091519727,0.0358130235393609,0.00508144365023542,0.0337365714796162,0.00499758046491997,35,18.48160543218,38,21.0138420747439,42,11.9134633720487,45,14.159638139733,45.3333333333333,7.8071521173795,48.3333333333333,8.292711437433
"84","Indica",0.3,"GC",0.309797118557837,0.139687858698831,0.350257422885662,0.118063655340941,2.56700835453949,0.576667471012379,2.53484471851092,0.565092461567612,0.464384665541922,0.036944547489824,0.461458825936234,0.036734378954931,26.1666666666667,15.5542264189648,25.8333333333333,12.3032270443014,35.0657894736842,13.4113139385136,37.8157894736842,12.9830104396325,48.3879310344827,8.39234255397495,53.1810344827586,8.11347862673102
"85","Indica",0.3,"PH",0.533648125154033,0.128997561157509,0.693175272463011,0.0822070744094618,8.02539346702554,2.2185711199501,5.69090943871524,1.5005222919242,0.0419521108053163,0.00579238714082435,0.0353669357312604,0.00468382233551036,26.4444444444444,20.07405701592,47.5277777777778,16.3502124059027,49.9802631578947,12.7535751659709,63.7697368421052,11.040473770665,62.6724137931035,8.13223452849733,72.4310344827586,9.2155385508785
"86","Indica",0.3,"PHR",0.472684707063302,0.12910165349073,0.542922022377942,0.141456500383115,4.43846704806672,1.15605213034386,3.99032642317192,1.0348471477698,0.0343649913108067,0.00433658472994535,0.0325784606853721,0.00419570697345723,34.2962962962963,17.6190052770971,33.5185185185185,17.7307321756437,42.4912280701755,11.3680839555875,44.1754385964912,12.6410051880172,45.3716475095785,8.17505831230186,47.8927203065134,8.79492797216251
"87","Indica",0.5,"GC",0.300945821842357,0.120274573645461,0.3473519552225,0.100850356071992,2.53127203007166,0.450487501561724,2.49048863178756,0.45112390972264,0.467741518615206,0.0307215447991886,0.463914109381835,0.0318193027520007,25.6944444444444,14.1746527177,26.1284722222222,11.0086434644543,35.3700657894737,11.4683177792665,39.3544407894737,11.1015594590407,48.350633356791,7.50029385243809,52.8754202830558,6.90767195829766
"88","Indica",0.5,"PH",0.524611601528546,0.104451459933225,0.685569909217364,0.0683187390150938,8.25984446723795,1.8774321919917,5.91137888580241,1.28864165676093,0.042709089484498,0.00491315725108362,0.036160891652923,0.00402689281976243,27.0949074074074,16.8971807331752,46.8171296296296,14.1741352091032,49.2639802631579,10.6468906763485,62.8974780701754,9.97959365196651,61.880326843381,7.50111304971284,71.9315427320354,7.90657443057245
"89","Indica",0.5,"PHR",0.453625907137748,0.112363819741895,0.537145231578022,0.117151972106894,4.63874171152818,1.0880237090002,4.12060748803708,0.935723128305122,0.035167734053635,0.00407773318075403,0.0331552248796307,0.00377588563983781,34.6095679012346,15.2811781959539,33.2067901234568,15.4340892472569,41.7953216374269,9.94551030255355,43.4912280701754,10.71221500499,44.6675528448928,7.57192270947826,46.7748325383793,8.14737900477235
"90","Indica",0.75,"GC",0.285036475688671,0.113651633392263,0.336153704329421,0.0932650051975968,2.51927441513325,0.39242182294149,2.47603841236728,0.39970502726114,0.469428183231251,0.0279721914525103,0.465310101166086,0.0299236972502002,24.3715277777778,12.5167565822585,25.3602430555556,10.1588534743576,35.2136060016112,10.2509641139907,40.2717214352846,9.91439742366982,48.5631537215737,6.96937367418291,52.9817276619355,6.29940344779094
"91","Indica",0.75,"PH",0.521261209975216,0.0902972115813229,0.685079620371321,0.0592922871893846,8.38444145377193,1.66804155591761,5.99963950387602,1.15091593910312,0.043099470085409,0.00436166328385568,0.0364792015020472,0.00359111524219097,26.9351851851852,15.0317952617338,46.2771990740741,12.6565447327396,48.9671681995166,9.14398735875567,62.67890429198,8.63128385179277,61.6931857375291,6.6376763752803,71.6818255092936,6.98743773830028
"92","Indica",0.75,"PHR",0.429746681059054,0.117407623244767,0.519689847211341,0.108866516294939,4.80494904427502,1.05706427979733,4.29350976607958,0.918670099015949,0.0358121072766405,0.00394216191791904,0.0338566235669843,0.00366704791089411,34.5860339506173,14.2214027582886,33.0138888888889,14.0885525674257,40.9041129609739,9.08958895232639,42.297313223535,9.64129753492586,43.8218553258705,6.99345964756881,45.3771032897492,7.73717528958763
"93","Indica",0.8,"GC",0.260245337153935,0.119193866053603,0.320971604415937,0.0917619057504436,2.5680880027518,0.413745250274198,2.49844865313787,0.370876054119199,0.475123399236053,0.0317643844802481,0.468825639606662,0.0289266170066453,23.0495192307692,11.6856586235846,24.9633413461539,9.55306767074008,34.4233318960175,9.44306436381876,40.3714492920144,9.10272764393246,47.835940723806,6.71210274837136,52.6556768894106,6.07639542767572
"94","Indica",0.8,"PH",0.519916385657477,0.081840325685974,0.686052844093054,0.0532970403481915,8.4057392461572,1.49787309243366,6.01172179866535,1.04809823782673,0.0431952984972805,0.00391262190617946,0.0365428258742818,0.00326259900776505,26.2201923076923,13.5653778367863,45.6858173076923,11.6371048464961,48.5186735081178,8.40840494540284,62.4190165919607,7.71342587919141,61.3452857088477,6.10949249831444,71.616114657774,6.26321545398636
"95","Indica",0.8,"PHR",0.396586432475346,0.135160260061463,0.502765284235966,0.106071489742406,5.10311144105133,1.26651059119699,4.50612290892284,1.01930641247183,0.036855221847753,0.00448653534653393,0.0346697540644263,0.00392640407620872,33.4424857549858,13.5993232555738,32.3811253561253,13.2627762374046,39.4744117333168,9.11661692071359,41.1664570939712,9.21779304702793,42.8403717927707,7.07324060641471,44.5886058067717,7.40212331146952
"96","Maize",0.15,"Y",0.302675030581605,0.0875955177642893,0.326250897731419,0.084711682350978,0.077058810796706,0.0113966707998454,0.0755802258326321,0.0111775567711161,8.4930957985199,68.1255556765005,8.15061355742013,66.5614256002657,23,12.9267041541656,23,10.4602275861169,34.2857142857143,5.95054654511951,36.6666666666667,8.07352260551367,43.2291666666667,5.07669419979606,44.0625,6.43114815292022
"97","Maize",0.3,"Y",0.296860734499265,0.0842702025079963,0.313514646130558,0.081398484365664,0.0786299695440887,0.00989749148175416,0.0775180388756417,0.00972050600556476,-0.95156554416978,96.0112663238107,-0.944550726035303,95.5518639588094,22.2904761904762,12.0229844855319,22.0904761904762,9.46636506599656,33.4163898117386,5.67881505167952,36.2358803986711,7.27773165511775,43.4533653846154,4.84177647879796,44.1225961538462,5.78596959179212
"98","Maize",0.5,"Y",0.284266415831015,0.0716830900269478,0.310125478992501,0.0675653587744277,0.0793684099953318,0.00866873802994561,0.0778989359299913,0.00842204069341955,17.7565067074352,157.611705965475,17.6562856935974,156.665611063059,21.0994708994709,9.83042642817337,22.036507936508,7.90964053718504,32.7000430663221,4.97530808072278,34.82185923465,6.12182170206794,42.9543328584995,4.48760365901102,43.547613960114,5.01761114257886
"99","Maize",0.75,"Y",0.264691020487432,0.0716969048523193,0.303074575600885,0.0609533649849334,0.0802916695347532,0.00784509728883217,0.0783877669705018,0.00744392865087742,21.6320833931399,197.824966439647,21.6090619348073,195.761742900052,20.2256613756614,8.7184531149099,22.5571428571429,7.06971642650621,31.6491094499816,4.85300844413727,34.1032284360773,5.49459412504705,41.975709283001,4.39002225457476,42.9397881054131,4.58952556055393
"100","Maize",0.8,"Y",0.247052753084,0.0748414440695678,0.292811380446003,0.0595248403121605,0.0809242131504656,0.00735816355876315,0.0788674144631127,0.00691718510187905,2.00531709231858,217.028651608626,2.34651465698692,214.154603374298,19.5488471177945,8.08702761912494,22.6960206070732,6.47650529840932,30.7227670513211,4.97528832999488,33.4835643400153,5.12885917167617,41.019765012159,4.56270412761137,42.3677950145195,4.31536327340288
"101","Wheat_1",0.15,"GY",0.451416925248122,0.0664118948950538,0.451491201005892,0.0637006131250071,0.140531667034717,0.0112916827664455,0.140640029012627,0.0122187254082325,0.0516742784552459,0.00201670149630223,0.0516880891623637,0.00217405654562928,34.2105263157895,10.3046843197112,33.1578947368421,9.62516963111944,36.6666666666667,4.84246682879155,36.6666666666667,4.99104318654921,48.6206896551724,4.36176228988742,48.9655172413793,3.91480146343136
"102","Wheat_1",0.3,"GY",0.444903203833391,0.0509742679639312,0.447468031404097,0.0496446240588974,0.142957598108754,0.0122410416756605,0.14260746042158,0.0126177579672281,0.0521615034590294,0.00225136841863449,0.052094719502602,0.00230871475980159,33.0026990553306,7.76387172806689,32.7327935222672,7.43543077781668,36.0897435897436,3.63274323610897,36.3461538461538,3.81850158547594,48.4129089301503,3.5074622161884,48.3289124668435,3.6235855032458
"103","Wheat_1",0.5,"GY",0.436972858694002,0.0463318000372922,0.438052421946204,0.0465060843607568,0.144187614695488,0.0107583836113957,0.144134253756532,0.0110681077605237,0.0524015500204355,0.00197817776765093,0.0523898352533969,0.0020263917285821,32.6684660368871,6.52908463155523,32.5398110661269,6.32164783524849,36.3418803418803,3.76057658663564,36.6410256410256,3.78845611522888,48.2752726201002,3.363505964823,48.1508989095196,3.3281825804615
"104","Wheat_1",0.75,"GY",0.417173770221498,0.0540217278249985,0.417797049945555,0.054903963384613,0.147228588959044,0.0111259582437388,0.147394777313673,0.0115481017810606,0.0529574053994904,0.00203738357522995,0.0529845210405779,0.0021069289886312,31.8467103524076,5.96103741018883,32.1368170624817,5.69654148283316,35.9102564102564,3.50224440540396,36.1602564102564,3.60028858811335,47.4222078897327,3.44564066705229,47.423105688989,3.32836439775252
"105","Wheat_1",0.8,"GY",0.399188147840714,0.0634303370073356,0.39889843131653,0.0658456022693731,0.150372330054975,0.0121517477315306,0.150594161357642,0.012599125203926,0.0535211164745607,0.0022072392553083,0.0535575126588576,0.00228062267806718,31.1312144357722,5.72334193063091,31.5171459576777,5.64944449865321,35.4589743589744,3.38133160755812,35.7070512820513,3.47320437879758,46.7903304143503,3.38502872297261,46.8166896793963,3.298012961123
"106","Wheat_2",0.15,"GY",0.189044823719702,0.0432162229269533,0.188091185904314,0.0486216664667983,0.0794063971840023,0.00840583830518159,0.079572050547187,0.00824385380184502,0.0441316849799751,0.00233632108711313,0.0441800495295939,0.00228899752741277,20,12.0185042515466,18.5,10.5540934659917,31.5,5.55277708298589,33.5,4.11636301174282,40.6666666666667,3.61751568802216,40.3333333333333,4.56773439802099
"107","Wheat_2",0.3,"GY",0.168914814641285,0.0465714267777737,0.170593737339705,0.0509025267393377,0.0803665757883878,0.00671053841823453,0.0803639227782816,0.00660109323509404,0.0444078257372212,0.00184413977590728,0.0444083438513521,0.00181308255636495,18.75,8.94059341018905,18.125,8.38525491562421,31.5,4.50876339681082,32.6875,3.58806042752612,39.5,3.23766214116774,38.8333333333333,3.93105792049278
"108","Wheat_2",0.5,"GY",0.162706254820286,0.0398003602108621,0.162965156098334,0.0442491029226772,0.080879378951342,0.00609977729456325,0.0809179713042684,0.00609306528816316,0.0445555238582682,0.00168071655621429,0.0445662784862838,0.00167809818077229,18.5606060606061,7.52072487742986,17.8914141414141,7.01622523422456,31.0250626566416,4.2879147580322,31.5661027568922,3.7049634320244,39.1666666666667,3.1477048745096,38.6722222222222,3.41746789969799
"109","Wheat_2",0.75,"GY",0.150385579457503,0.0427974736162774,0.150253508659562,0.0466551490227798,0.0812289930383725,0.00537345916754562,0.0812965695194297,0.00537192484965646,0.0446606053271977,0.00148107857367265,0.044679240034322,0.00148012462088016,17.5704545454545,6.87307228084784,17.2435606060606,6.27175349458377,29.7437969924812,4.54069118326977,30.0120770676692,4.3201981438365,37.8333333333333,3.80227102627692,38.0041666666667,3.36491185120529
"110","Wheat_2",0.8,"GY",0.139151014379473,0.0456321785910403,0.139282683980624,0.048673983465366,0.0815209696506582,0.00488326573569012,0.0816048443031984,0.00488163352513078,0.0447477450734998,0.00134702204256113,0.0447708144801226,0.00134616351335054,16.6731860662702,6.51834680872938,16.6359699801756,5.97748946286474,28.9726076874429,4.42483441495418,29.1685401588082,4.36258394831612,37.3881619937695,3.60900798783806,37.4189096573209,3.39351065266725
"111","Wheat_3",0.15,"GY",0.0730706736611188,0.0718347983066254,0.0666345844694165,0.0612738795081989,0.0903093511807315,0.0121134756797167,0.0902930825098288,0.0119241217731516,0.0389104784445488,0.00265044125480389,0.038909647301906,0.00260693080644211,15.8823529411765,6.82059887487298,18.8235294117647,6.67819073173584,27.4285714285714,6.20145546518084,26.2857142857143,5.35370259906865,33.4615384615385,3.2936493791449,32.3076923076923,4.42261238734881
"112","Wheat_3",0.3,"GY",0.0745441548573433,0.0621120878126564,0.069177495428049,0.0532992418701306,0.0891021259966065,0.00892215952074355,0.0890841033997517,0.0088388295582534,0.0387002588823127,0.00193888431378993,0.0386973241610831,0.0019196146609746,15.2941176470588,6.08026204996532,16.7647058823529,5.81227608334167,25.9606625258799,5.40437964205717,25.3167701863354,4.42786888793128,33.9903846153846,3.27599621474193,33.2211538461538,3.71060486254829
"113","Wheat_3",0.5,"GY",0.0728851162631455,0.0539253007391565,0.060542868313423,0.0493428124592173,0.0881899774443911,0.00750812304094496,0.0882417445038846,0.00743350760120105,0.0385126841427986,0.00162996671749955,0.0385247814621763,0.00161396831447525,15.4834347532116,5.64269366304693,15.1419878296146,5.70910950338486,25.2668784655291,4.75335526198894,24.4353180552581,4.68383054966172,33.943781314471,2.87684135494261,32.6455201886236,3.40142276126617
"114","Wheat_3",0.75,"GY",0.061050038884422,0.052825577864018,0.0490018530943135,0.0476742492424873,0.0882386102271411,0.00655997104223914,0.0882872668730456,0.00647858187746206,0.0385279981259304,0.00142571340461177,0.0385393581929419,0.00140803603086605,14.5148749154834,5.39441546363497,14.3162609871535,5.28167930505356,24.3955611479974,4.6018626104329,23.7575230242022,4.49024942466815,33.3505562923666,2.78799698418438,32.2427608311229,3.11761433813965
"115","Wheat_3",0.8,"GY",0.0556215237740915,0.0503621260701742,0.0426581000713456,0.0455295286050104,0.0879315534446518,0.00595164773321154,0.0880070081543612,0.00586767604516057,0.038463472273832,0.00129322288758253,0.0384806613478134,0.00127488141628013,13.785812975865,5.19791654798006,13.4747479201576,5.11436789226765,23.624557026506,4.47714712535565,23.2330454463888,4.327362931911,32.9754090626703,2.69715710417335,32.0172302476321,3.02124034075529
"116","Wheat_4",0.15,"GY",0.209109398150181,0.0641024824177765,0.210591651153669,0.0630837023623735,0.118666775294432,0.0116361872478363,0.118650009545744,0.0113392461705924,0.0457276719766987,0.00224096988572535,0.0457268877312153,0.0021778917645884,18.5,7.09068246206088,18,6.74948557710553,32.4390243902439,2.31386170256223,31.7073170731707,2.29953424776113,40.983606557377,5.00827944803917,39.5081967213115,4.97537907763499
"117","Wheat_4",0.3,"GY",0.18957528082133,0.0528068963141038,0.191323892015601,0.0521397084737795,0.118930429618505,0.0102135035713149,0.118849454716332,0.0100199875070818,0.045802874193563,0.00194245062437096,0.0457887415839986,0.0019017049745869,18.7621951219512,5.97164928617668,18.7560975609756,5.67448838256211,31.9512195121951,2.81448930955116,32.1341463414634,3.50054675856207,40.7357057177129,3.84509949847702,39.9573503931761,3.90022118115599
"118","Wheat_4",0.5,"GY",0.176049748497981,0.0493190592305164,0.169866953690181,0.0573871286943427,0.121339750590424,0.00935246477667293,0.12156386007424,0.00947168365591405,0.0462822502078099,0.00178759214076027,0.0463242318637948,0.0018054231390708,18.6846006695361,5.1803960155131,18.43543758967,5.11360791042392,31.763100112753,3.04437273392814,31.6174114295887,3.5809150587747,40.1164867386379,3.81236561026266,38.9959571726865,3.84703592438687
"119","Wheat_4",0.75,"GY",0.164072717217658,0.0500810514210482,0.15401394442207,0.059471185846139,0.122046796305003,0.00834649398923244,0.122415108835124,0.00851824773511479,0.0464203969451977,0.00159708634916751,0.0464894092753979,0.00162566842863549,18.0575681492109,4.7805133796541,17.5275585844094,4.94142483612684,30.9808616699306,3.03954222940256,30.4203756453623,3.93309882100194,39.2594429760563,3.72972084228636,38.0781367106837,3.85776983124518
"120","Wheat_4",0.8,"GY",0.15338913475788,0.0511270101534616,0.13972734212641,0.0620420228235919,0.122893687658068,0.00773903828988703,0.123382255807048,0.00795586013898522,0.0465861771490118,0.00148261663321655,0.0466775243997516,0.00151979207513124,17.3084398404696,4.58655554171005,16.8293863170688,4.7785240814576,30.1545523496431,3.32146222671406,29.5783096487099,4.13593520155836,38.4713841680791,3.77901458554398,37.2345458427111,4.01677818498477
"121","Wheat_5",0.15,"GY",0.211166295966353,0.0349694075279668,0.209654192042854,0.0358347169816508,0.100343521742112,0.0133226403068315,0.100387448795236,0.0132406500339714,0.0405448133937412,0.00267918896189263,0.0405541186161381,0.00267164213181324,22,6.32455532033676,22,9.48683298050514,30.7317073170732,5.16756051449454,30,7.09230194717541,39.1935483870968,5.15960994150971,40,4.85659775941343
"122","Wheat_5",0.3,"GY",0.194781850131038,0.0450599822547711,0.193343895367365,0.046023507507435,0.101401461166173,0.01078515683172,0.101399050428236,0.0107161161349957,0.0407668801391535,0.00216414612769712,0.0407668181183588,0.00215556781193593,21.1219512195122,4.65497649422055,21.1219512195122,6.9630442406027,30.7272994416691,4.80392103597703,30.3614457831325,5.90348285099202,39.8387096774194,4.18962857157706,40.3225806451613,3.86317835415374
"123","Wheat_5",0.5,"GY",0.191850833651324,0.0377399188304781,0.188476004623203,0.0400972794673599,0.102532648378017,0.00911734815769271,0.102639970659335,0.00909920220971484,0.0410058067444683,0.00182948124712797,0.0410272816263009,0.00183026077794227,21.1344409096265,3.97737400768477,20.6513491221869,5.9409177791227,31.3061223330934,4.22300260752554,30.4825097491415,4.92781792859921,40.6976260973456,3.78511076259225,40.9718975637629,3.337224171291
"124","Wheat_5",0.75,"GY",0.186176630199993,0.0353247137165358,0.183926846921657,0.0368542610918375,0.103184034982782,0.00808970950647899,0.103225476508564,0.00804908477495116,0.0411455933115324,0.00162377861823772,0.0411540388765557,0.00161908295969131,20.6104460668353,3.75078367902816,20.4644733801017,5.22520034455848,31.0517071344354,3.86393089361923,30.4700553887792,4.37453977510182,40.8277067524964,3.34454408710442,41.0895000958991,2.90518924766677
"125","Wheat_5",0.8,"GY",0.180989721113711,0.0351541498093124,0.179037104487511,0.0350397286826198,0.10359676406037,0.00741776375308063,0.103664135672214,0.00736450817198621,0.0412324364588112,0.00148937180356719,0.0412461111472517,0.00148177429370469,20.4156295807409,3.43965030584562,20.2624877949904,4.80464800573267,30.7870670650144,3.5537216058107,30.5841891074034,3.99431711891348,40.5296352815152,3.17974758801761,40.8475036911771,2.66284239898485
"126","Wheat_6",0.15,"GY",0.506423465802929,0.0683673385690507,0.505331103951713,0.0696097609382458,0.126202224534276,0.0121790010789079,0.126351521531286,0.0126197219932992,0.0418876652893024,0.00201873186753123,0.0419093315495895,0.00209125532112451,27.8947368421053,10.244772856601,28.9473684210526,12.2178844536703,45.5263157894737,8.41831095720005,46.578947368421,8.5092240791423,55.6140350877193,5.23383645269344,55.4385964912281,5.56017044397881
"127","Wheat_6",0.3,"GY",0.500054446950136,0.0514584597200948,0.496669637668918,0.0529649274550255,0.124173592972156,0.0101078149536578,0.124697823360649,0.0104270248391522,0.0415431205996605,0.00167484694045649,0.0416289007371803,0.00172376187820967,29.3421052631579,8.33381929865526,29.3421052631579,9.3635877226677,46.3815789473684,6.18450520898661,46.1842105263158,5.9750538413033,56.4912280701754,4.00870575843845,56.0087719298246,4.55602886709035
"128","Wheat_6",0.5,"GY",0.486252782837746,0.047746686601935,0.482986782578546,0.0493873664110865,0.124920350067133,0.00901955770769576,0.125426095663434,0.00919804737161005,0.0416887119837489,0.00149884615095093,0.0417722155839894,0.00152521806092564,28.9264828738513,7.12283429454641,29.0323029796714,7.91109744594074,46.2228899019202,5.12521484425209,45.5138831330294,5.08711190664306,55.9330700223508,3.56178470408876,55.6986926303542,3.84911247069732
"129","Wheat_6",0.75,"GY",0.46713983070517,0.053666298764459,0.464027438535801,0.0547252680981339,0.127407167331983,0.00905858827888844,0.127867539351226,0.00919461691583419,0.042108406105405,0.00150880814670833,0.042183833205144,0.00152743317333059,28.8527568922306,6.33834118700546,28.6163324979114,7.00016200282723,45.491774756283,4.74926315599365,44.9338416691438,4.62367190713236,55.0247154087492,3.59808910458138,54.8315107619643,3.71572429188089
"130","Wheat_6",0.8,"GY",0.455268332375429,0.0539947736942288,0.451477244074158,0.0556417322025114,0.129308434136807,0.00909933059911502,0.12986516316317,0.00935060223671399,0.0424227159543604,0.00151140950041735,0.0425127338873714,0.00154732283645747,28.8469113961374,5.74488285029042,28.265615017937,6.397189472938,44.9620472560068,4.45587866764024,44.4960929431582,4.31275262935978,54.3792494511823,3.5136540680658,54.0351432500943,3.79158080585637
