"","Dataset","Testing_Proportion","Trait","Env_Proxy","Env_goal","Fold","COR_BayI","COR_Trans","MSE_BayI","MSE_Trans","NRMSE_BayI","NRMSE_Trans","PM_Conv_10","PM_Transf_10","PM_Conv_20","PM_Transf_20","PM_Conv_30","PM_Transf_30"
"1","Indica",0.15,"PHR","2011","2010",1,0.500345179385538,0.555940248728737,3.97930105175904,3.30709280103641,0.0327756618342657,0.0298793580614085,40,40,30,50,40,53.3333333333333
"2","Indica",0.15,"PHR","2011","2010",2,0.281156334710372,0.41709388689238,6.49957991712488,5.68590265192531,0.0421470978170396,0.0394207371426099,60,60,30,40,40,46.6666666666667
"3","Indica",0.15,"PHR","2011","2010",3,0.31786635637982,0.436412769318109,7.26494468572407,6.40559779864275,0.0442726356588153,0.0415718215613003,40,80,30,40,53.3333333333333,60
"4","Indica",0.15,"PHR","2011","2010",4,0.200893299736016,0.24697861805226,6.6465463734032,6.07062287889393,0.0423416321229088,0.0404656203010768,40,40,40,30,53.3333333333333,40
"5","Indica",0.15,"PHR","2011","2010",5,0.152644438266038,0.368407562538276,9.26339191004547,7.47929226082405,0.0500947237172194,0.0450129233106268,40,40,50,50,40,40
"6","Indica",0.15,"PHR","2011","2010",6,0.567105801302981,0.63478136943501,3.08134991421842,2.42022628993724,0.0286655601557265,0.0254049246029364,40,60,50,50,40,53.3333333333333
"7","Indica",0.15,"PHR","2011","2010",7,0.582457758127007,0.727421227392571,4.84355881029516,3.59585543280837,0.0364199241733907,0.0313803555630962,40,60,50,60,33.3333333333333,46.6666666666667
"8","Indica",0.15,"PHR","2011","2010",8,0.545604645786354,0.601505337948573,4.3168042338719,3.83562258743272,0.034141143201155,0.0321821323045151,40,20,40,30,46.6666666666667,40
"9","Indica",0.15,"PHR","2011","2010",9,0.531536656900495,0.593761587002413,4.00649613402457,3.60006719220675,0.0330138977166613,0.0312946241994784,20,40,40,60,46.6666666666667,46.6666666666667
"10","Indica",0.15,"PHR","2011","2010",10,0.49847926577429,0.379168788508374,4.10772647088902,4.71113577214435,0.0333175414523085,0.0356808341372707,0,0,20,20,40,40
"11","Indica",0.15,"GC","2011","2010",1,0.343463274328838,0.422714833920861,2.55835191268254,2.41866565857011,0.450064686624554,0.437605443568215,20,40,30,40,46.6666666666667,53.3333333333333
"12","Indica",0.15,"GC","2011","2010",2,0.279258070301173,0.244990931522363,2.58815373585276,2.65113549048852,0.496648612745881,0.502655169819346,20,0,40,30,60,60
"13","Indica",0.15,"GC","2011","2010",3,0.307408358299672,0.31265898737605,2.23212808653466,2.2264704698434,0.467530407146382,0.466937523146937,20,20,50,60,53.3333333333333,60
"14","Indica",0.15,"GC","2011","2010",4,0.311235275346164,0.431539617498041,2.3744700173095,2.1629265273888,0.475332081577544,0.453664363470263,40,40,50,60,46.6666666666667,53.3333333333333
"15","Indica",0.15,"GC","2011","2010",5,0.279788976647233,0.282205831159266,3.16210066513514,3.18330071013799,0.493426357311028,0.49507766248043,20,20,30,20,40,40
"16","Indica",0.15,"GC","2011","2010",6,0.23606352398115,0.391702704624021,2.35504094646356,2.16763433455845,0.501298236797363,0.480938956297567,0,20,30,40,46.6666666666667,46.6666666666667
"17","Indica",0.15,"GC","2011","2010",7,0.0612337262684464,0.144806553730321,2.84458116804234,2.67935032507596,0.473984525983223,0.460012622891256,20,20,10,20,33.3333333333333,46.6666666666667
"18","Indica",0.15,"GC","2011","2010",8,0.221230444179264,0.324547161751303,3.68369424294671,3.35763667936759,0.529530874825976,0.505552601732924,0,20,10,30,40,66.6666666666667
"19","Indica",0.15,"GC","2011","2010",9,0.603957274968831,0.547085362653588,1.49256719844468,1.84419410387349,0.385182571969523,0.428156948777703,20,20,50,50,66.6666666666667,73.3333333333333
"20","Indica",0.15,"GC","2011","2010",10,0.432377808580548,0.560355766566184,2.53472767617823,2.21031587173803,0.45862581039352,0.428272323745976,60,40,40,50,53.3333333333333,60
"21","Indica",0.15,"PH","2011","2010",1,0.654118521056959,0.755793450463495,4.99702593526464,3.77937199057213,0.0333930394481895,0.0290408931441443,40,60,50,60,66.6666666666667,73.3333333333333
"22","Indica",0.15,"PH","2011","2010",2,0.731370455516191,0.795956920919886,5.31974381513581,4.19115827709082,0.0343501553664704,0.0304895052798703,40,60,70,90,73.3333333333333,66.6666666666667
"23","Indica",0.15,"PH","2011","2010",3,0.588577501751724,0.728009302703522,8.65524067864262,6.3944801792032,0.0433973019012349,0.0373014554489308,40,40,70,70,66.6666666666667,86.6666666666667
"24","Indica",0.15,"PH","2011","2010",4,0.606346410692723,0.674559887416591,4.602994750784,4.28345169986775,0.0322539725194172,0.0311142909768846,60,60,40,50,60,86.6666666666667
"25","Indica",0.15,"PH","2011","2010",5,0.257021134485581,0.546802073147368,13.2787333958921,8.6702289487828,0.054766252122651,0.0442537398583534,0,20,30,40,46.6666666666667,60
"26","Indica",0.15,"PH","2011","2010",6,0.572453830317207,0.7375842227961,7.46422600234682,4.95596137296537,0.0405261669599481,0.0330222830355242,20,60,50,60,60,73.3333333333333
"27","Indica",0.15,"PH","2011","2010",7,0.669396063267651,0.815160975099463,7.38415177568694,4.53975949050643,0.0403659190315882,0.0316505280433336,20,40,60,80,66.6666666666667,73.3333333333333
"28","Indica",0.15,"PH","2011","2010",8,0.245757837324465,0.56147536323081,11.5821600754731,6.49321632647623,0.051292892746551,0.0384054047991845,0,0,30,60,53.3333333333333,66.6666666666667
"29","Indica",0.15,"PH","2011","2010",9,0.45502625623926,0.636813486821293,8.12659531200122,5.99738070425162,0.042648118640951,0.0366375454355522,40,60,50,60,53.3333333333333,53.3333333333333
"30","Indica",0.15,"PH","2011","2010",10,0.686823888363081,0.788913185915587,4.44866832935962,3.1708671388834,0.0316916486319172,0.0267558554370399,60,60,60,60,60,73.3333333333333
"31","Indica",0.15,"PHR","2012","2010",1,0.559227240342588,0.601026535530291,5.56350525269149,5.42501507768301,0.039005728490716,0.0385171918701494,20,20,40,30,53.3333333333333,53.3333333333333
"32","Indica",0.15,"PHR","2012","2010",2,0.703339294178938,0.797344574185236,3.40525440177554,2.35974036902978,0.0304163592526704,0.025320049985352,20,20,50,60,46.6666666666667,60
"33","Indica",0.15,"PHR","2012","2010",3,0.541965785362035,0.621751886959729,3.89874498970008,3.41399650398855,0.0325199999384371,0.030431240569206,40,40,60,60,46.6666666666667,53.3333333333333
"34","Indica",0.15,"PHR","2012","2010",4,0.552620933059036,0.609685610110757,4.17139346821474,3.45719175958419,0.033733123508611,0.0307098512340182,40,40,40,50,60,46.6666666666667
"35","Indica",0.15,"PHR","2012","2010",5,0.48010714393053,0.606837936882849,5.64053826674843,4.41205487278302,0.0392553904312952,0.0347183821174659,60,60,40,40,40,33.3333333333333
"36","Indica",0.15,"PHR","2012","2010",6,0.285088060674703,0.307820288394786,3.69916516221999,3.76784790583455,0.0313124987492923,0.0316018528486765,0,0,30,20,40,40
"37","Indica",0.15,"PHR","2012","2010",7,0.608325619784534,0.699063214038675,3.58874235524537,3.14619391475712,0.0311563388249733,0.0291721220117524,60,60,60,50,53.3333333333333,53.3333333333333
"38","Indica",0.15,"PHR","2012","2010",8,0.264440846471373,0.327445908392247,5.18084400588028,4.97859052798261,0.0372770440168796,0.0365421766545674,20,20,30,50,33.3333333333333,46.6666666666667
"39","Indica",0.15,"PHR","2012","2010",9,0.391231433169512,0.356309014582111,3.31553901761908,4.19095446154215,0.0299567274851401,0.033680130691935,20,20,40,40,40,46.6666666666667
"40","Indica",0.15,"PHR","2012","2010",10,0.495154800457844,0.60534364458553,4.43094245035198,3.76519735068094,0.0344374422397122,0.031745100424882,60,40,70,70,60,66.6666666666667
"41","Indica",0.15,"GC","2012","2010",1,0.193819398694297,0.256796930418803,2.6471443251891,2.52463555705755,0.478508278916138,0.46730453244559,20,20,40,30,53.3333333333333,46.6666666666667
"42","Indica",0.15,"GC","2012","2010",2,0.451160000252102,0.3992957217672,2.61774526911273,2.74020346021418,0.465920084494948,0.476693407204179,40,40,40,30,60,60
"43","Indica",0.15,"GC","2012","2010",3,0.424365683665102,0.389068342250369,2.26546491448306,2.31963981698452,0.443582425790518,0.448854867060796,20,20,60,60,53.3333333333333,53.3333333333333
"44","Indica",0.15,"GC","2012","2010",4,0.283391039160195,0.0906050683092855,2.93776979796,3.60907898308772,0.472358982424906,0.523554010568119,40,20,30,20,46.6666666666667,46.6666666666667
"45","Indica",0.15,"GC","2012","2010",5,-0.0509285558871034,0.155323850444682,3.90950679128156,3.93472423994141,0.512025335535456,0.513674036854281,20,20,20,20,33.3333333333333,40
"46","Indica",0.15,"GC","2012","2010",6,0.390355754082275,0.346789841335973,1.82422203607286,1.89319407056931,0.413679161194657,0.421427006417844,40,40,50,50,53.3333333333333,60
"47","Indica",0.15,"GC","2012","2010",7,0.368322629584072,0.391944842454614,1.93024627505829,1.89251850829951,0.40540558048992,0.401424087446,40,40,40,40,46.6666666666667,53.3333333333333
"48","Indica",0.15,"GC","2012","2010",8,0.467099171583496,0.464462876194329,2.62996547637984,2.64709120177506,0.465799099805167,0.467313226762562,40,20,40,40,53.3333333333333,60
"49","Indica",0.15,"GC","2012","2010",9,0.297223628809393,0.375722500721291,1.51716520644743,1.40231248489642,0.363587487593,0.349554495840124,0,0,10,20,53.3333333333333,53.3333333333333
"50","Indica",0.15,"GC","2012","2010",10,0.42005004005539,0.467439084123873,3.52488842958941,3.38959764047254,0.464131749564307,0.455137547182973,40,40,30,30,40,40
"51","Indica",0.15,"PH","2012","2010",1,0.363679897353923,0.680501395578356,11.539772585395,6.67786253573421,0.0503901101074046,0.0383323477694493,0,60,40,80,53.3333333333333,73.3333333333333
"52","Indica",0.15,"PH","2012","2010",2,0.563981111844333,0.734523394359432,6.24383628742698,4.23168751921899,0.0376147658936773,0.0309663062674393,40,60,30,60,53.3333333333333,66.6666666666667
"53","Indica",0.15,"PH","2012","2010",3,0.471738617156366,0.580818750992584,7.90462243388149,6.69358819088007,0.0421164876884215,0.038756189929866,40,60,30,50,66.6666666666667,73.3333333333333
"54","Indica",0.15,"PH","2012","2010",4,0.560004250632605,0.700333207255995,6.79816269425831,4.99976272738954,0.0387505532588291,0.0332320266779122,0,40,50,60,73.3333333333333,80
"55","Indica",0.15,"PH","2012","2010",5,0.493658676987211,0.607340773973293,10.2337225616207,8.55183023568153,0.0473358256365741,0.0432715719705821,0,40,50,70,60,66.6666666666667
"56","Indica",0.15,"PH","2012","2010",6,0.595523225361599,0.704967689636297,9.06460418197006,7.30573223233953,0.0451051987381601,0.0404933822882065,0,40,60,60,66.6666666666667,66.6666666666667
"57","Indica",0.15,"PH","2012","2010",7,0.758079146701815,0.861595540698249,6.25388307527329,3.89228095533747,0.0373081501122019,0.0294327558242001,20,60,70,70,66.6666666666667,60
"58","Indica",0.15,"PH","2012","2010",8,0.412228474132756,0.670576644801696,9.39259865746548,5.4113619230882,0.0461071122546335,0.0349967995995508,40,60,60,70,73.3333333333333,80
"59","Indica",0.15,"PH","2012","2010",9,0.447307132014794,0.614777357615414,9.25728262979801,7.20712041378569,0.0455406798633508,0.0401826557997013,0,20,60,70,66.6666666666667,80
"60","Indica",0.15,"PH","2012","2010",10,0.641412282044097,0.785448900402475,5.98640347299785,3.86278805751335,0.0368019874689085,0.0295623341112594,60,60,50,70,80,93.3333333333333
"61","Indica",0.3,"PHR","2011","2010",1,0.595586442411137,0.640686250146271,4.11074150237449,3.68802078873779,0.0333762515248661,0.0316136147062254,44.4444444444444,33.3333333333333,36.8421052631579,36.8421052631579,44.8275862068966,37.9310344827586
"62","Indica",0.3,"PHR","2011","2010",2,0.604570407917885,0.606744142869392,2.78628665305681,2.90266746599646,0.0274168556695643,0.0279835875506813,22.2222222222222,22.2222222222222,36.8421052631579,26.3157894736842,34.4827586206897,37.9310344827586
"63","Indica",0.3,"PHR","2011","2010",3,0.463090912166042,0.51707120650944,2.68889092872422,2.53974698916932,0.0268564373773925,0.026100993300585,22.2222222222222,22.2222222222222,21.0526315789474,42.1052631578947,37.9310344827586,44.8275862068966
"64","Indica",0.3,"PHR","2011","2010",4,0.480608811699757,0.496057961994486,4.45027984840579,4.63329981485887,0.034661823419083,0.0353673847083374,22.2222222222222,33.3333333333333,47.3684210526316,47.3684210526316,41.3793103448276,51.7241379310345
"65","Indica",0.3,"PHR","2011","2010",5,0.426923108326784,0.584558992468271,4.46660050627674,3.56877454483222,0.0346147109719066,0.030940812251754,22.2222222222222,22.2222222222222,36.8421052631579,42.1052631578947,48.2758620689655,41.3793103448276
"66","Indica",0.3,"PHR","2011","2010",6,0.314187940076268,0.22982202095569,3.7953799433602,4.05151868231697,0.0318070399971885,0.0328627988698553,22.2222222222222,22.2222222222222,31.578947368421,36.8421052631579,31.0344827586207,31.0344827586207
"67","Indica",0.3,"PHR","2011","2010",7,0.581311922660275,0.60081748553079,3.48273017174739,3.3347074090741,0.0307211852863425,0.0300612420641994,55.5555555555556,55.5555555555556,47.3684210526316,42.1052631578947,48.2758620689655,48.2758620689655
"68","Indica",0.3,"PHR","2011","2010",8,0.592896363078158,0.636808113248658,3.79777396431489,3.40480443294388,0.0319139106976424,0.0302177104127471,44.4444444444444,44.4444444444444,47.3684210526316,47.3684210526316,51.7241379310345,55.1724137931034
"69","Indica",0.3,"PHR","2011","2010",9,0.431503527591079,0.544042860280209,3.18311212999279,2.70110164502659,0.0292654528532839,0.0269587495249301,55.5555555555556,44.4444444444444,47.3684210526316,26.3157894736842,41.3793103448276,31.0344827586207
"70","Indica",0.3,"PHR","2011","2010",10,0.534266744994004,0.582173206467473,3.95377016523261,3.54980396549839,0.0325966791662012,0.0308865807503278,44.4444444444444,44.4444444444444,42.1052631578947,47.3684210526316,51.7241379310345,55.1724137931034
"71","Indica",0.3,"GC","2011","2010",1,0.200633412372843,0.340925712212846,2.71739620106703,2.47218742704834,0.471360572474518,0.449590853507419,11.1111111111111,22.2222222222222,36.8421052631579,47.3684210526316,41.3793103448276,55.1724137931034
"72","Indica",0.3,"GC","2011","2010",2,0.262896096475883,0.392690143278921,2.56130754587335,2.35736740047699,0.523218315351523,0.501956069996338,22.2222222222222,33.3333333333333,47.3684210526316,52.6315789473684,37.9310344827586,44.8275862068966
"73","Indica",0.3,"GC","2011","2010",3,0.289898552084592,0.306294874567764,2.86228005701894,2.85354933997477,0.480843907278222,0.480109996157514,44.4444444444444,22.2222222222222,42.1052631578947,47.3684210526316,51.7241379310345,58.6206896551724
"74","Indica",0.3,"GC","2011","2010",4,0.212074789822701,0.291293991893426,2.65068991902941,2.58245385933394,0.48286354923029,0.476607908499084,22.2222222222222,33.3333333333333,26.3157894736842,36.8421052631579,41.3793103448276,48.2758620689655
"75","Indica",0.3,"GC","2011","2010",5,0.264501174843423,0.229296537810961,2.56718354932063,2.69645375912017,0.446194332965558,0.457290393505062,11.1111111111111,11.1111111111111,26.3157894736842,26.3157894736842,41.3793103448276,48.2758620689655
"76","Indica",0.3,"GC","2011","2010",6,0.276468945861295,0.412415391103208,2.20223429994501,1.98391895430285,0.455907487946016,0.432719959024154,33.3333333333333,44.4444444444444,31.578947368421,36.8421052631579,37.9310344827586,41.3793103448276
"77","Indica",0.3,"GC","2011","2010",7,0.143399210310805,0.250279961189149,2.91202580738068,2.71183302454417,0.500938844068519,0.483413274736893,22.2222222222222,33.3333333333333,36.8421052631579,36.8421052631579,55.1724137931034,58.6206896551724
"78","Indica",0.3,"GC","2011","2010",8,0.294489807728288,0.376159264843851,2.49717162573755,2.42344690579512,0.506606605019565,0.499072231890403,33.3333333333333,22.2222222222222,42.1052631578947,47.3684210526316,44.8275862068966,55.1724137931034
"79","Indica",0.3,"GC","2011","2010",9,0.447051371814755,0.475868383543466,2.35058325385564,2.20283780688022,0.465894871616522,0.451015400657907,22.2222222222222,22.2222222222222,36.8421052631579,42.1052631578947,55.1724137931034,55.1724137931034
"80","Indica",0.3,"GC","2011","2010",10,0.153110856359329,0.319321548162072,2.50860998082961,2.39581105794314,0.49648872238618,0.485198106867898,33.3333333333333,44.4444444444444,42.1052631578947,47.3684210526316,41.3793103448276,51.7241379310345
"81","Indica",0.3,"PH","2011","2010",1,0.489275283853972,0.666286408147466,7.51594392030142,5.17213126785638,0.0412045646067219,0.0341812808995936,33.3333333333333,33.3333333333333,26.3157894736842,52.6315789473684,58.6206896551724,72.4137931034483
"82","Indica",0.3,"PH","2011","2010",2,0.618229898039312,0.746803676108887,7.43105943913983,5.43301780569365,0.0408180034284845,0.0349017299955606,33.3333333333333,44.4444444444444,57.8947368421053,73.6842105263158,65.5172413793103,79.3103448275862
"83","Indica",0.3,"PH","2011","2010",3,0.605872609238303,0.737219374968664,5.61717388199541,4.05946208670438,0.0355375212884719,0.0302108151623726,22.2222222222222,33.3333333333333,52.6315789473684,63.1578947368421,75.8620689655172,75.8620689655172
"84","Indica",0.3,"PH","2011","2010",4,0.453561723917464,0.609234384487931,8.50359711563268,6.75260894206608,0.0437504600133395,0.0389867547006984,22.2222222222222,44.4444444444444,47.3684210526316,52.6315789473684,58.6206896551724,75.8620689655172
"85","Indica",0.3,"PH","2011","2010",5,0.524105623316571,0.653818112048102,10.4636841843987,8.27137227798147,0.0484342606609043,0.0430624908594541,22.2222222222222,33.3333333333333,52.6315789473684,63.1578947368421,65.5172413793103,72.4137931034483
"86","Indica",0.3,"PH","2011","2010",6,0.644773837466932,0.747425821752193,6.1293371770421,4.6423925334581,0.036942077519252,0.0321503339587546,33.3333333333333,44.4444444444444,57.8947368421053,68.421052631579,65.5172413793103,79.3103448275862
"87","Indica",0.3,"PH","2011","2010",7,0.534498977515285,0.625756939966877,6.61066568288042,5.89662074059084,0.0387032306158789,0.0365532686545731,22.2222222222222,22.2222222222222,42.1052631578947,57.8947368421053,58.6206896551724,65.5172413793103
"88","Indica",0.3,"PH","2011","2010",8,0.482781490442085,0.669168679449012,9.16495500259331,6.37828923942873,0.0454019918411284,0.0378758024348109,11.1111111111111,33.3333333333333,47.3684210526316,68.421052631579,51.7241379310345,72.4137931034483
"89","Indica",0.3,"PH","2011","2010",9,0.598355770314698,0.665497118330973,6.02776828537893,5.37221209112995,0.0370293753065278,0.0349578476937034,55.5555555555556,66.6666666666667,52.6315789473684,57.8947368421053,65.5172413793103,75.8620689655172
"90","Indica",0.3,"PH","2011","2010",10,0.608889971567298,0.758280700858779,6.74425579056904,4.54365481731171,0.0389183634586573,0.0319440677386024,44.4444444444444,66.6666666666667,52.6315789473684,68.421052631579,72.4137931034483,82.7586206896552
"91","Indica",0.3,"PHR","2012","2010",1,0.441894362557644,0.55300910232169,3.39608889207282,2.86963159077931,0.0302475025911716,0.0278043707138023,33.3333333333333,22.2222222222222,31.578947368421,47.3684210526316,44.8275862068966,51.7241379310345
"92","Indica",0.3,"PHR","2012","2010",2,0.465279094133132,0.585873827545593,4.88781410548779,4.08217731887277,0.036479622230679,0.0333379526022402,44.4444444444444,44.4444444444444,47.3684210526316,42.1052631578947,55.1724137931034,44.8275862068966
"93","Indica",0.3,"PHR","2012","2010",3,0.540468494111126,0.658331681056635,4.98298476992817,4.39071893813356,0.0366923639006178,0.0344428222931065,22.2222222222222,33.3333333333333,47.3684210526316,42.1052631578947,55.1724137931034,55.1724137931034
"94","Indica",0.3,"PHR","2012","2010",4,0.580385212489917,0.667107561426484,3.85140135207567,3.26356834259059,0.0323657316188362,0.0297935596898731,33.3333333333333,33.3333333333333,31.578947368421,36.8421052631579,34.4827586206897,34.4827586206897
"95","Indica",0.3,"PHR","2012","2010",5,0.391801534253928,0.545966693728424,6.42623952087187,5.41787917237357,0.0415850165101255,0.0381832667564526,11.1111111111111,11.1111111111111,26.3157894736842,31.578947368421,31.0344827586207,37.9310344827586
"96","Indica",0.3,"PHR","2012","2010",6,0.487646774924833,0.4740985085937,3.74412166760248,4.36995355270548,0.0317905719104061,0.0343448619388059,44.4444444444444,22.2222222222222,42.1052631578947,47.3684210526316,41.3793103448276,55.1724137931034
"97","Indica",0.3,"PHR","2012","2010",7,0.34984311244027,0.473719469431943,4.12435174279246,3.52885239617976,0.0333481978403169,0.0308468816736234,44.4444444444444,22.2222222222222,36.8421052631579,31.578947368421,48.2758620689655,55.1724137931034
"98","Indica",0.3,"PHR","2012","2010",8,0.486987431723301,0.625580702792159,5.14650171121612,4.1267461469936,0.0372869105094427,0.0333890618701339,44.4444444444444,33.3333333333333,47.3684210526316,52.6315789473684,48.2758620689655,55.1724137931034
"99","Indica",0.3,"PHR","2012","2010",9,0.333650773294179,0.472033510500234,4.39474337974321,3.83115469761588,0.0345210440566432,0.0322316104912158,22.2222222222222,11.1111111111111,36.8421052631579,31.578947368421,34.4827586206897,41.3793103448276
"100","Indica",0.3,"PHR","2012","2010",10,0.435586244286203,0.521460808005637,5.94450231603013,5.30269359816663,0.0399503938540184,0.0377321525450981,22.2222222222222,33.3333333333333,47.3684210526316,52.6315789473684,44.8275862068966,41.3793103448276
"101","Indica",0.3,"GC","2012","2010",1,0.254978680100572,0.312480884457477,2.74265698026646,2.76341961055948,0.486000107418935,0.487836212949751,11.1111111111111,22.2222222222222,21.0526315789474,26.3157894736842,48.2758620689655,48.2758620689655
"102","Indica",0.3,"GC","2012","2010",2,0.0161618313071438,0.113947807704974,2.81644917373899,2.61179044334626,0.483856095463821,0.465944748814947,11.1111111111111,11.1111111111111,21.0526315789474,21.0526315789474,44.8275862068966,55.1724137931034
"103","Indica",0.3,"GC","2012","2010",3,0.335962328739215,0.430696032317588,2.28822017531484,2.09546064616402,0.471636646679765,0.451334354388722,44.4444444444444,44.4444444444444,36.8421052631579,47.3684210526316,48.2758620689655,48.2758620689655
"104","Indica",0.3,"GC","2012","2010",4,0.45209960101832,0.407207896526239,2.15889845835393,2.32144172680698,0.456192915851721,0.473054656717566,66.6666666666667,33.3333333333333,47.3684210526316,47.3684210526316,48.2758620689655,48.2758620689655
"105","Indica",0.3,"GC","2012","2010",5,0.290605164374441,0.385085119795608,2.71935360813762,2.54221746283812,0.462246002611231,0.446937371846807,22.2222222222222,22.2222222222222,26.3157894736842,36.8421052631579,51.7241379310345,62.0689655172414
"106","Indica",0.3,"GC","2012","2010",6,0.418984380823186,0.439594471883333,2.14515810099092,2.33045976510333,0.4819194049175,0.502302761393941,22.2222222222222,33.3333333333333,36.8421052631579,42.1052631578947,48.2758620689655,51.7241379310345
"107","Indica",0.3,"GC","2012","2010",7,0.312493419691375,0.365883625168012,2.54338942944941,2.42936852790441,0.465941691843663,0.455377786524435,11.1111111111111,22.2222222222222,42.1052631578947,47.3684210526316,44.8275862068966,44.8275862068966
"108","Indica",0.3,"GC","2012","2010",8,0.292047509173278,0.388676444113644,2.77529860344759,2.65362664591884,0.487610210936759,0.47680175211739,11.1111111111111,22.2222222222222,15.7894736842105,26.3157894736842,37.9310344827586,48.2758620689655
"109","Indica",0.3,"GC","2012","2010",9,0.509645440260515,0.374842830778216,2.36449360902621,2.54492410480243,0.458372327855211,0.475539653032387,44.4444444444444,33.3333333333333,47.3684210526316,47.3684210526316,65.5172413793103,55.1724137931034
"110","Indica",0.3,"GC","2012","2010",10,0.393640342763356,0.407462483034959,2.08746547088213,2.05113060898857,0.416813577886217,0.41317008113084,33.3333333333333,33.3333333333333,42.1052631578947,42.1052631578947,44.8275862068966,55.1724137931034
"111","Indica",0.3,"PH","2012","2010",1,0.544281392149803,0.705454970581116,9.68895900750886,7.23731050936675,0.0469115855292179,0.0405443325481986,11.1111111111111,55.5555555555556,52.6315789473684,68.421052631579,65.5172413793103,79.3103448275862
"112","Indica",0.3,"PH","2012","2010",2,0.585482188147261,0.7517666348891,7.03385241657185,4.98166020302141,0.0397293216555531,0.0334350190214439,44.4444444444444,66.6666666666667,63.1578947368421,68.421052631579,62.0689655172414,68.9655172413793
"113","Indica",0.3,"PH","2012","2010",3,0.52021176006983,0.661032916985595,8.05195948068343,6.10286894109009,0.0423301810066894,0.0368524492652993,22.2222222222222,33.3333333333333,42.1052631578947,63.1578947368421,51.7241379310345,62.0689655172414
"114","Indica",0.3,"PH","2012","2010",4,0.392149331584476,0.582485713990606,10.509295695005,7.54913657662507,0.0486121544213547,0.041200900121188,33.3333333333333,33.3333333333333,31.578947368421,31.578947368421,62.0689655172414,72.4137931034483
"115","Indica",0.3,"PH","2012","2010",5,0.4424038651829,0.678158147737535,10.1735182743504,6.78488321296897,0.0477805481060598,0.0390199520094449,11.1111111111111,44.4444444444444,47.3684210526316,63.1578947368421,48.2758620689655,65.5172413793103
"116","Indica",0.3,"PH","2012","2010",6,0.512703702420361,0.696124664508524,9.47959674816708,6.54191510889955,0.0458453179755755,0.0380848728255167,11.1111111111111,55.5555555555556,47.3684210526316,73.6842105263158,51.7241379310345,65.5172413793103
"117","Indica",0.3,"PH","2012","2010",7,0.392270863892454,0.613320828847664,10.3779673295645,6.8529473775968,0.0486019278799528,0.0394944477565604,22.2222222222222,55.5555555555556,47.3684210526316,52.6315789473684,55.1724137931034,65.5172413793103
"118","Indica",0.3,"PH","2012","2010",8,0.417461509651753,0.631075774660611,10.4068942987843,7.07623265775817,0.0480539317760677,0.0396250120659995,22.2222222222222,55.5555555555556,36.8421052631579,52.6315789473684,55.1724137931034,62.0689655172414
"119","Indica",0.3,"PH","2012","2010",9,0.443839833776663,0.60749068268696,8.69340812310991,6.48216666576861,0.0444520420817643,0.0383845787739749,33.3333333333333,44.4444444444444,57.8947368421053,63.1578947368421,58.6206896551724,62.0689655172414
"120","Indica",0.3,"PH","2012","2010",10,0.55718624004224,0.701762674550621,7.8042995563441,5.21219928319714,0.0418429900804683,0.0341952869241243,44.4444444444444,55.5555555555556,52.6315789473684,68.421052631579,65.5172413793103,79.3103448275862
"121","Indica",0.5,"PHR","2011","2010",1,0.326172871725864,0.375086921578686,6.35399995620402,5.74188107842275,0.0414196441127352,0.0393740289250687,43.75,50,53.125,50,40.8163265306122,44.8979591836735
"122","Indica",0.5,"PHR","2011","2010",2,0.305465530013251,0.523334934715882,6.53830304561672,4.99134912316959,0.0422322163257806,0.0368994866783488,43.75,50,40.625,46.875,38.7755102040816,40.8163265306122
"123","Indica",0.5,"PHR","2011","2010",3,0.341914153946841,0.447837188487546,5.39553964559489,4.82788013995384,0.0381894403259731,0.0361246867185841,18.75,18.75,40.625,40.625,40.8163265306122,48.9795918367347
"124","Indica",0.5,"PHR","2011","2010",4,0.420788221552109,0.58075311601568,5.41989234969067,4.40903769726257,0.0382742992572708,0.0345210362532728,43.75,50,46.875,50,40.8163265306122,46.9387755102041
"125","Indica",0.5,"PHR","2011","2010",5,0.426967581458516,0.489433835172983,4.3251444167892,3.74936260750911,0.0340921719216384,0.0317419121395955,56.25,25,50,40.625,55.1020408163265,40.8163265306122
"126","Indica",0.5,"PHR","2011","2010",6,0.232416481145979,0.444566075432907,5.76183577441177,4.2490282081178,0.039308083972858,0.0337556320628497,18.75,37.5,31.25,43.75,36.734693877551,48.9795918367347
"127","Indica",0.5,"PHR","2011","2010",7,0.440931311735717,0.607700128238527,5.52346401586167,4.36316793139705,0.0385941651528339,0.034301795287999,18.75,25,34.375,46.875,44.8979591836735,51.0204081632653
"128","Indica",0.5,"PHR","2011","2010",8,0.357185937138691,0.394405154650686,5.43059151353002,5.25554859623345,0.0382776771621197,0.0376557268539871,37.5,37.5,43.75,53.125,46.9387755102041,51.0204081632653
"129","Indica",0.5,"PHR","2011","2010",9,0.396067970968975,0.462373076666944,5.72273161928931,5.34011765587133,0.0393519124584577,0.0380136495584657,43.75,56.25,46.875,53.125,48.9795918367347,53.0612244897959
"130","Indica",0.5,"PHR","2011","2010",10,0.506560046141579,0.565409335627132,4.64173160687052,4.26130370679119,0.0354564729285312,0.0339724417633155,31.25,50,28.125,40.625,34.6938775510204,36.734693877551
"131","Indica",0.5,"GC","2011","2010",1,0.291964050206203,0.344674783224819,2.31000086118483,2.17755050076045,0.459782976122039,0.446406936287332,25,18.75,34.375,46.875,53.0612244897959,53.0612244897959
"132","Indica",0.5,"GC","2011","2010",2,0.332619092954684,0.364621424546338,2.37473987121922,2.31662454256557,0.467471288187524,0.461715810604081,18.75,31.25,40.625,40.625,53.0612244897959,55.1020408163265
"133","Indica",0.5,"GC","2011","2010",3,0.206504240453017,0.217239409073031,2.23042434155044,2.27202629632815,0.465816144449106,0.470140283817017,12.5,12.5,40.625,53.125,46.9387755102041,46.9387755102041
"134","Indica",0.5,"GC","2011","2010",4,0.281358534575936,0.372342498760654,2.77540457675912,2.59518679125041,0.459674187616624,0.444499501451956,31.25,31.25,34.375,43.75,48.9795918367347,51.0204081632653
"135","Indica",0.5,"GC","2011","2010",5,0.281942517413517,0.36993700524554,2.3631481964867,2.215052109844,0.460278214454037,0.445622298743106,18.75,25,40.625,40.625,48.9795918367347,48.9795918367347
"136","Indica",0.5,"GC","2011","2010",6,0.281456617251888,0.360069501346456,2.62368142629899,2.50473395679245,0.481645930997547,0.470601326535113,18.75,25,25,40.625,55.1020408163265,57.1428571428571
"137","Indica",0.5,"GC","2011","2010",7,0.333149273943606,0.382336428591782,2.39223718545713,2.29628234540846,0.459333721359251,0.450027294331811,25,37.5,34.375,34.375,48.9795918367347,57.1428571428571
"138","Indica",0.5,"GC","2011","2010",8,0.230799237363051,0.3726668034276,2.31610904949574,2.06971782954535,0.456039712055636,0.4311007034482,25,25,28.125,46.875,51.0204081632653,53.0612244897959
"139","Indica",0.5,"GC","2011","2010",9,0.327331774325745,0.37168200762942,2.49921839965257,2.45791340985725,0.467145518860495,0.463269140687051,31.25,25,31.25,46.875,46.9387755102041,51.0204081632653
"140","Indica",0.5,"GC","2011","2010",10,0.330767200303164,0.453471704220349,2.37839509253521,2.15174349276458,0.474622450820042,0.451441548196806,25,37.5,53.125,62.5,46.9387755102041,57.1428571428571
"141","Indica",0.5,"PH","2011","2010",1,0.514182671136291,0.722605163490226,9.31518110717871,6.20253729494787,0.0457513440885422,0.0373330006641012,37.5,43.75,43.75,68.75,67.3469387755102,79.5918367346939
"142","Indica",0.5,"PH","2011","2010",2,0.402677754960487,0.630047991966198,10.6671442946942,7.09496433724975,0.0488228183702902,0.0398174890770525,12.5,25,40.625,59.375,65.3061224489796,63.265306122449
"143","Indica",0.5,"PH","2011","2010",3,0.519951417452695,0.663141356796194,9.39075859198026,7.23807933770778,0.0457117707162013,0.040131868093118,31.25,37.5,43.75,68.75,51.0204081632653,63.265306122449
"144","Indica",0.5,"PH","2011","2010",4,0.541710693193886,0.659244503144978,7.77240022055704,6.38462977052385,0.0415241995741234,0.0376349680161411,18.75,31.25,53.125,53.125,65.3061224489796,71.4285714285714
"145","Indica",0.5,"PH","2011","2010",5,0.537440153853472,0.683990273305668,8.02554254028304,5.90217177456419,0.0424072765101229,0.0363671362699648,18.75,50,46.875,65.625,61.2244897959184,79.5918367346939
"146","Indica",0.5,"PH","2011","2010",6,0.430152328395907,0.645602278558955,10.314923303018,6.78508366553902,0.0480050224215769,0.0389342021040379,25,31.25,43.75,59.375,51.0204081632653,67.3469387755102
"147","Indica",0.5,"PH","2011","2010",7,0.519791972477405,0.683036752659804,9.78829198540093,7.16956445034162,0.0468100990996364,0.0400619873222217,18.75,43.75,46.875,59.375,65.3061224489796,71.4285714285714
"148","Indica",0.5,"PH","2011","2010",8,0.565994896110729,0.699979200146852,8.25837379723679,6.13083509958191,0.0428316755356383,0.0369043544900061,31.25,43.75,53.125,65.625,61.2244897959184,67.3469387755102
"149","Indica",0.5,"PH","2011","2010",9,0.458108434818858,0.649700445226774,9.34678383993862,6.57190441264538,0.0457198113237606,0.0383370727509581,12.5,31.25,53.125,65.625,59.1836734693878,69.3877551020408
"150","Indica",0.5,"PH","2011","2010",10,0.526575257980601,0.667656614706088,9.10796401578003,6.99274880904654,0.0451995483919231,0.0396047618848226,18.75,25,46.875,50,63.265306122449,77.5510204081633
"151","Indica",0.5,"PHR","2012","2010",1,0.385339740816623,0.56538651202936,5.45312303197421,4.35870687209585,0.0383784352464622,0.0343117956979663,43.75,37.5,46.875,50,48.9795918367347,42.8571428571429
"152","Indica",0.5,"PHR","2012","2010",2,0.543605705199198,0.60961555172555,4.5379234306634,4.05469899635397,0.0350802599350161,0.0331599243165643,31.25,31.25,34.375,37.5,46.9387755102041,42.8571428571429
"153","Indica",0.5,"PHR","2012","2010",3,0.543815342960222,0.603310183190996,4.07172107819266,3.76677986304227,0.0332248553265372,0.0319565000603077,50,50,43.75,43.75,48.9795918367347,46.9387755102041
"154","Indica",0.5,"PHR","2012","2010",4,0.438082974306662,0.462167244034368,3.43468013621461,3.40732948375322,0.0304618574400595,0.0303403298312981,37.5,37.5,46.875,46.875,48.9795918367347,46.9387755102041
"155","Indica",0.5,"PHR","2012","2010",5,0.377521751454559,0.45630685597695,5.6978722849561,5.22470402883989,0.0392798854715549,0.0376135828964068,18.75,12.5,43.75,31.25,42.8571428571429,34.6938775510204
"156","Indica",0.5,"PHR","2012","2010",6,0.456203732692459,0.566315534665296,4.34720259665991,3.71616950207653,0.034319693567753,0.0317311797058576,43.75,43.75,50,37.5,44.8979591836735,38.7755102040816
"157","Indica",0.5,"PHR","2012","2010",7,0.453797065148669,0.503539412200359,4.61303695357809,4.28584598140765,0.0352103902271182,0.0339387350481407,50,31.25,37.5,40.625,38.7755102040816,38.7755102040816
"158","Indica",0.5,"PHR","2012","2010",8,0.409482229607962,0.512767105311061,4.60180007388456,4.01897440301445,0.035245200764552,0.032937735329773,37.5,31.25,37.5,34.375,34.6938775510204,30.6122448979592
"159","Indica",0.5,"PHR","2012","2010",9,0.314818591786184,0.418892129773372,5.82460937183959,5.24782291093367,0.0396750835153801,0.0376594551904604,31.25,18.75,50,43.75,46.9387755102041,44.8979591836735
"160","Indica",0.5,"PHR","2012","2010",10,0.45854800619292,0.579090712578506,4.58273875020355,3.84870748709214,0.03525913500159,0.0323122020686505,43.75,43.75,43.75,43.75,46.9387755102041,46.9387755102041
"161","Indica",0.5,"GC","2012","2010",1,0.331062066755663,0.358910781311252,2.48006785049608,2.42104638181132,0.476273970764387,0.470572583503665,25,18.75,43.75,46.875,55.1020408163265,57.1428571428571
"162","Indica",0.5,"GC","2012","2010",2,0.287595842275007,0.344087554308667,2.48178670135972,2.39172762382049,0.466378219747698,0.457838060929901,25,31.25,25,34.375,48.9795918367347,57.1428571428571
"163","Indica",0.5,"GC","2012","2010",3,0.255380418679567,0.281697929695169,2.5222551343384,2.5231375407846,0.481822657698545,0.481906932725708,18.75,12.5,28.125,37.5,51.0204081632653,51.0204081632653
"164","Indica",0.5,"GC","2012","2010",4,0.350270566496066,0.397864636942025,2.27568871767507,2.18110690086994,0.454385773635307,0.444843012664404,31.25,31.25,40.625,43.75,46.9387755102041,48.9795918367347
"165","Indica",0.5,"GC","2012","2010",5,0.234142451774283,0.302387698603555,2.46616013752292,2.6008105479528,0.477157587198216,0.490010691492754,25,25,40.625,37.5,53.0612244897959,57.1428571428571
"166","Indica",0.5,"GC","2012","2010",6,0.332381072758022,0.222633333749639,2.18434084164096,2.42877876740535,0.437215664659988,0.461030321377808,12.5,12.5,43.75,43.75,63.265306122449,59.1836734693878
"167","Indica",0.5,"GC","2012","2010",7,0.152261500783853,0.194243772541503,2.67578027655873,2.57135848199269,0.49982788810688,0.48997799215069,12.5,18.75,28.125,31.25,48.9795918367347,51.0204081632653
"168","Indica",0.5,"GC","2012","2010",8,0.266393433791981,0.30834481945366,2.32855074929701,2.26829838810699,0.450297375721465,0.444433363903581,18.75,18.75,31.25,37.5,44.8979591836735,46.9387755102041
"169","Indica",0.5,"GC","2012","2010",9,0.289117672980473,0.289073401852457,2.40212665398059,2.40628624585814,0.462615249696678,0.463015615412835,18.75,18.75,43.75,43.75,51.0204081632653,57.1428571428571
"170","Indica",0.5,"GC","2012","2010",10,0.361954958932403,0.322748599155805,2.42052749301379,3.31344063030658,0.477376349208863,0.558528688875053,31.25,12.5,43.75,46.875,61.2244897959184,59.1836734693878
"171","Indica",0.5,"PH","2012","2010",1,0.526807412747692,0.721520786203989,7.8727920049736,5.21074874645088,0.0419680576975486,0.0341432256108864,43.75,62.5,50,62.5,61.2244897959184,69.3877551020408
"172","Indica",0.5,"PH","2012","2010",2,0.445129797017134,0.640188645742246,9.77874038702417,7.01422834230585,0.0468202493050111,0.0396535627697047,25,50,46.875,62.5,61.2244897959184,67.3469387755102
"173","Indica",0.5,"PH","2012","2010",3,0.510144752931428,0.713323149379575,10.3950777959065,6.75351395445367,0.0479570145527386,0.0386547766429896,25,62.5,43.75,68.75,55.1020408163265,67.3469387755102
"174","Indica",0.5,"PH","2012","2010",4,0.519668948905355,0.695198889725025,8.40361443587797,5.86759531051582,0.0435985540785143,0.0364308331640534,43.75,62.5,53.125,65.625,67.3469387755102,75.5102040816327
"175","Indica",0.5,"PH","2012","2010",5,0.475454925596149,0.683991409369926,8.6041085086159,5.94711983757737,0.0438908077124591,0.0364900096897912,18.75,43.75,53.125,59.375,61.2244897959184,67.3469387755102
"176","Indica",0.5,"PH","2012","2010",6,0.545488259345657,0.729437700388284,7.77965817828824,5.25761360521565,0.0419195992038616,0.0344612635178457,43.75,56.25,53.125,65.625,63.265306122449,79.5918367346939
"177","Indica",0.5,"PH","2012","2010",7,0.510609552317598,0.661869202036734,8.51823500504838,6.26263405920137,0.043813140722971,0.0375671367323262,31.25,56.25,46.875,59.375,61.2244897959184,69.3877551020408
"178","Indica",0.5,"PH","2012","2010",8,0.496117590768337,0.66628285139729,8.88626934276846,6.39456625817748,0.0446415062872187,0.0378690708668243,31.25,43.75,53.125,65.625,61.2244897959184,67.3469387755102
"179","Indica",0.5,"PH","2012","2010",9,0.4773242432497,0.624292285633165,9.16576283482346,6.72157862969951,0.0453287058846971,0.0388172401293243,37.5,56.25,46.875,59.375,57.1428571428571,67.3469387755102
"180","Indica",0.5,"PH","2012","2010",10,0.572959655581104,0.701987732742934,7.38316372742163,5.83091545533855,0.0407290675550502,0.036195250787443,37.5,56.25,46.875,59.375,65.3061224489796,71.4285714285714
"181","Indica",0.75,"PHR","2011","2010",1,0.225107185706213,0.391966874036188,5.91025162103056,5.33535868921338,0.0399620848955969,0.0379688080494479,33.3333333333333,29.1666666666667,44.8979591836735,40.8163265306122,43.8356164383562,42.4657534246575
"182","Indica",0.75,"PHR","2011","2010",2,0.401026937055072,0.493259828403826,4.44729047912923,4.04699454285984,0.0346568680424521,0.0330603824869369,20.8333333333333,20.8333333333333,28.5714285714286,32.6530612244898,35.6164383561644,38.3561643835616
"183","Indica",0.75,"PHR","2011","2010",3,0.0416952010631792,0.346915940029187,7.3154888382983,6.08210158143439,0.0443901769334054,0.0404754825121779,12.5,33.3333333333333,26.530612244898,32.6530612244898,32.8767123287671,39.7260273972603
"184","Indica",0.75,"PHR","2011","2010",4,0.409223421557203,0.427211764612141,5.20486785760243,5.20088558039597,0.0375617778492543,0.0375474057231767,37.5,45.8333333333333,38.7755102040816,42.8571428571429,36.986301369863,41.0958904109589
"185","Indica",0.75,"PHR","2011","2010",5,0.382272640059592,0.277671566207069,4.6867009334483,6.13392104059255,0.0355325903364699,0.0406501674366625,20.8333333333333,25,32.6530612244898,42.8571428571429,35.6164383561644,42.4657534246575
"186","Indica",0.75,"PHR","2011","2010",6,0.277325165654207,0.416172609026716,5.89643505096644,4.91588449232379,0.0399489765503073,0.0364763801294659,37.5,29.1666666666667,28.5714285714286,34.6938775510204,36.986301369863,38.3561643835616
"187","Indica",0.75,"PHR","2011","2010",7,0.33110328525388,0.308638903336842,5.75801512441716,5.72634143695867,0.0394209297744667,0.0393123569412863,29.1666666666667,25,36.734693877551,42.8571428571429,36.986301369863,38.3561643835616
"188","Indica",0.75,"PHR","2011","2010",8,0.368167201760544,0.466111715204582,5.00707507299966,5.29901309621576,0.0367420460697105,0.0377979966601871,54.1666666666667,41.6666666666667,40.8163265306122,40.8163265306122,41.0958904109589,45.2054794520548
"189","Indica",0.75,"PHR","2011","2010",9,0.221755251718729,0.397134939764603,6.67502630852929,5.46169195001034,0.0424221527948615,0.0383733587365424,16.6666666666667,29.1666666666667,28.5714285714286,32.6530612244898,39.7260273972603,41.0958904109589
"190","Indica",0.75,"PHR","2011","2010",10,0.421572796420633,0.462677553815735,4.8651434292804,4.81164266307404,0.0362595931065678,0.0360596731287003,50,37.5,38.7755102040816,46.9387755102041,43.8356164383562,54.7945205479452
"191","Indica",0.75,"GC","2011","2010",1,0.26473661107254,0.332148432231571,2.52838672342702,2.43021854646061,0.470497461885855,0.461273175581904,8.33333333333333,25,38.7755102040816,38.7755102040816,49.3150684931507,52.0547945205479
"192","Indica",0.75,"GC","2011","2010",2,0.105719276650303,0.142795057629424,2.97857690137972,2.93993335379761,0.512733708955176,0.509396790720971,16.6666666666667,25,30.6122448979592,40.8163265306122,34.2465753424658,39.7260273972603
"193","Indica",0.75,"GC","2011","2010",3,0.0901103264313697,0.216994340829511,2.84695719859914,2.82689677045345,0.505978062501769,0.504192282231885,12.5,8.33333333333333,30.6122448979592,40.8163265306122,46.5753424657534,57.5342465753425
"194","Indica",0.75,"GC","2011","2010",4,0.303055489956557,0.39354680033536,2.57768299506568,2.46666757129638,0.477062330281058,0.466676233550258,33.3333333333333,37.5,36.734693877551,48.9795918367347,46.5753424657534,56.1643835616438
"195","Indica",0.75,"GC","2011","2010",5,0.257250739278397,0.285267563753163,2.36765706554031,2.5571172603689,0.463323871184878,0.481504775493599,25,20.8333333333333,34.6938775510204,42.8571428571429,47.945205479452,49.3150684931507
"196","Indica",0.75,"GC","2011","2010",6,0.206726781339389,0.310839337211752,2.62074743439841,2.44307274713375,0.484257335452088,0.467554049688944,29.1666666666667,33.3333333333333,32.6530612244898,36.734693877551,50.6849315068493,52.0547945205479
"197","Indica",0.75,"GC","2011","2010",7,0.269501799094144,0.364869072771337,2.4105402727902,2.26247683576861,0.463392664125862,0.448935582868989,25,33.3333333333333,30.6122448979592,46.9387755102041,49.3150684931507,60.2739726027397
"198","Indica",0.75,"GC","2011","2010",8,0.0968769066598634,0.220215885339285,2.79912472931476,2.41464421484215,0.502855803987106,0.467045203174283,16.6666666666667,29.1666666666667,30.6122448979592,44.8979591836735,46.5753424657534,52.0547945205479
"199","Indica",0.75,"GC","2011","2010",9,0.0821116379146962,0.189089422401236,2.98367753658585,2.69375560138797,0.531476949071718,0.504995590838854,20.8333333333333,16.6666666666667,30.6122448979592,36.734693877551,41.0958904109589,45.2054794520548
"200","Indica",0.75,"GC","2011","2010",10,0.303045301285524,0.387983550225534,2.43167588105954,2.06205751852329,0.477851583469624,0.440038396552563,20.8333333333333,29.1666666666667,36.734693877551,46.9387755102041,49.3150684931507,52.0547945205479
"201","Indica",0.75,"PH","2011","2010",1,0.494081640951812,0.691053597046471,8.3723134099223,5.82420314559033,0.0434077440180248,0.036204514993231,25,45.8333333333333,46.9387755102041,63.265306122449,61.6438356164384,73.972602739726
"202","Indica",0.75,"PH","2011","2010",2,0.52350689136903,0.697179703794282,8.31920352780078,6.21712845294622,0.0431258866885178,0.0372813888671247,20.8333333333333,50,48.9795918367347,63.265306122449,57.5342465753425,75.3424657534247
"203","Indica",0.75,"PH","2011","2010",3,0.555527615316422,0.69708361192276,7.97389694912644,5.92210714025805,0.0422509425906616,0.0364115547095146,16.6666666666667,41.6666666666667,44.8979591836735,61.2244897959184,61.6438356164384,72.6027397260274
"204","Indica",0.75,"PH","2011","2010",4,0.543520268728481,0.654246885130106,8.11441398935292,6.53583909398221,0.04264085606225,0.0382690789897162,25,37.5,51.0204081632653,61.2244897959184,61.6438356164384,71.2328767123288
"205","Indica",0.75,"PH","2011","2010",5,0.563339525309477,0.70566232725362,8.06071191302425,6.07324481288755,0.0425717012507141,0.0369525743777579,29.1666666666667,50,53.0612244897959,59.1836734693878,64.3835616438356,73.972602739726
"206","Indica",0.75,"PH","2011","2010",6,0.51425958007483,0.647972175750864,8.43017099433733,6.10560915042103,0.0435089617633692,0.0370275543360693,29.1666666666667,41.6666666666667,48.9795918367347,55.1020408163265,63.013698630137,69.8630136986301
"207","Indica",0.75,"PH","2011","2010",7,0.456211740635714,0.653327666632275,10.4617636970342,7.28521510930143,0.0481664156858169,0.0401941700991358,20.8333333333333,25,48.9795918367347,67.3469387755102,58.9041095890411,72.6027397260274
"208","Indica",0.75,"PH","2011","2010",8,0.55530883972276,0.688769216562019,8.36827468347841,6.70891846987463,0.0432804068681481,0.0387524913750918,25,37.5,53.0612244897959,65.3061224489796,65.7534246575342,75.3424657534247
"209","Indica",0.75,"PH","2011","2010",9,0.562026054042042,0.700097213155598,7.78203958948466,5.88804472557908,0.0416898550847323,0.0362634582207238,16.6666666666667,41.6666666666667,55.1020408163265,67.3469387755102,63.013698630137,69.8630136986301
"210","Indica",0.75,"PH","2011","2010",10,0.510499265065072,0.675631388819399,8.22985497557265,5.98047392127901,0.0428995649239155,0.0365699694083099,16.6666666666667,37.5,38.7755102040816,61.2244897959184,53.4246575342466,69.8630136986301
"211","Indica",0.75,"PHR","2012","2010",1,0.33148583580354,0.5441582306724,5.69303110339262,4.02173093827806,0.0392447568948273,0.0329849910756778,20.8333333333333,29.1666666666667,30.6122448979592,38.7755102040816,32.8767123287671,35.6164383561644
"212","Indica",0.75,"PHR","2012","2010",2,0.45851099709351,0.502190775838644,6.14538752563608,4.62102892726185,0.0407351717214132,0.0353235430281832,33.3333333333333,29.1666666666667,42.8571428571429,40.8163265306122,41.0958904109589,47.945205479452
"213","Indica",0.75,"PHR","2012","2010",3,0.186716902761182,0.383358858888473,6.39447226133308,5.57748186352689,0.0416210530660793,0.0388713651971026,16.6666666666667,20.8333333333333,36.734693877551,40.8163265306122,41.0958904109589,42.4657534246575
"214","Indica",0.75,"PHR","2012","2010",4,0.439117265916832,0.412855105173092,4.9627473924932,5.21539599057061,0.0365738946953312,0.0374933088701958,41.6666666666667,20.8333333333333,36.734693877551,30.6122448979592,43.8356164383562,41.0958904109589
"215","Indica",0.75,"PHR","2012","2010",5,0.187282996436397,0.467142865673248,6.09929370611926,5.2178194803414,0.0405626835599889,0.0375172874642141,25,37.5,44.8979591836735,44.8979591836735,49.3150684931507,50.6849315068493
"216","Indica",0.75,"PHR","2012","2010",6,0.237390355423147,0.488345777146125,5.68562442741237,4.53152653494444,0.0392343506850715,0.0350267343925488,33.3333333333333,25,30.6122448979592,32.6530612244898,36.986301369863,41.0958904109589
"217","Indica",0.75,"PHR","2012","2010",7,0.410939821911226,0.507768823532659,4.99345704837453,4.25329788494578,0.0367557414875233,0.0339224670364815,45.8333333333333,45.8333333333333,36.734693877551,40.8163265306122,41.0958904109589,45.2054794520548
"218","Indica",0.75,"PHR","2012","2010",8,0.183311293518877,0.52018065998963,6.3364781217838,4.7586494885106,0.0413266150068268,0.0358135789119987,25,29.1666666666667,32.6530612244898,30.6122448979592,34.2465753424658,32.8767123287671
"219","Indica",0.75,"PHR","2012","2010",9,0.471724578001188,0.506843948566563,4.39491936778794,6.32358047975244,0.0344634608327663,0.0413394749688825,33.3333333333333,37.5,38.7755102040816,34.6938775510204,41.0958904109589,42.4657534246575
"220","Indica",0.75,"PHR","2012","2010",10,0.481761463294241,0.514217507951012,4.71471846592023,4.27585838990158,0.0356518233987608,0.0339520124246458,41.6666666666667,29.1666666666667,34.6938775510204,38.7755102040816,46.5753424657534,43.8356164383562
"221","Indica",0.75,"GC","2012","2010",1,0.0158488895157543,0.244264497945876,2.91697170995801,2.56581934230408,0.507509051015314,0.475982209567254,8.33333333333333,20.8333333333333,22.4489795918367,40.8163265306122,32.8767123287671,45.2054794520548
"222","Indica",0.75,"GC","2012","2010",2,0.231389597216035,0.304408790635875,2.27877962719236,2.24176219205016,0.44861084472408,0.44495221612448,16.6666666666667,29.1666666666667,42.8571428571429,46.9387755102041,47.945205479452,54.7945205479452
"223","Indica",0.75,"GC","2012","2010",3,0.293444709173027,0.327933115654373,2.3669923642436,2.35070915315069,0.463063283030063,0.461467762525336,20.8333333333333,33.3333333333333,34.6938775510204,48.9795918367347,52.0547945205479,52.0547945205479
"224","Indica",0.75,"GC","2012","2010",4,0.325698775196181,0.335673897384485,2.1504579977164,2.13785290792185,0.442448681868956,0.441150051047405,20.8333333333333,29.1666666666667,28.5714285714286,44.8979591836735,47.945205479452,52.0547945205479
"225","Indica",0.75,"GC","2012","2010",5,0.223172918284193,0.264394043828536,2.55497288471655,2.56323158859182,0.478142446349809,0.478914597589933,20.8333333333333,16.6666666666667,32.6530612244898,40.8163265306122,49.3150684931507,53.4246575342466
"226","Indica",0.75,"GC","2012","2010",6,0.163912187529585,0.282039412313588,2.61648469347365,2.37784557523886,0.490976848042501,0.468051603735762,20.8333333333333,20.8333333333333,22.4489795918367,34.6938775510204,50.6849315068493,56.1643835616438
"227","Indica",0.75,"GC","2012","2010",7,0.239769008209666,0.224945417130631,2.53917691718747,2.62945820337128,0.473918447732575,0.482270024954828,20.8333333333333,20.8333333333333,30.6122448979592,30.6122448979592,47.945205479452,47.945205479452
"228","Indica",0.75,"GC","2012","2010",8,0.26874137200993,0.295912098766232,2.33244020401673,2.67840749932383,0.466010194920562,0.499376940971092,20.8333333333333,16.6666666666667,38.7755102040816,44.8979591836735,49.3150684931507,54.7945205479452
"229","Indica",0.75,"GC","2012","2010",9,0.0402757687316753,0.224863384838776,2.65465378453452,2.72079293961879,0.495556385333623,0.501691655822415,20.8333333333333,12.5,32.6530612244898,36.734693877551,42.4657534246575,58.9041095890411
"230","Indica",0.75,"GC","2012","2010",10,0.0566824346692698,0.24954185540916,2.72458115296133,2.44074749931855,0.496568044259983,0.46999184277295,12.5,16.6666666666667,30.6122448979592,38.7755102040816,38.3561643835616,57.5342465753425
"231","Indica",0.75,"PH","2012","2010",1,0.536258505889702,0.696321430155318,8.80019193085029,6.27063440029308,0.0443191214548619,0.0374111286851911,16.6666666666667,50,51.0204081632653,59.1836734693878,64.3835616438356,69.8630136986301
"232","Indica",0.75,"PH","2012","2010",2,0.473994741802078,0.685491659961515,8.57294865401294,5.75618938478408,0.0437853193066286,0.0358782248260921,33.3333333333333,37.5,46.9387755102041,63.265306122449,58.9041095890411,68.4931506849315
"233","Indica",0.75,"PH","2012","2010",3,0.586061612387007,0.710380109999009,7.81745565579182,5.7736532299737,0.0417674548675373,0.0358947263642636,29.1666666666667,45.8333333333333,51.0204081632653,59.1836734693878,57.5342465753425,67.1232876712329
"234","Indica",0.75,"PH","2012","2010",4,0.502585506729971,0.723535307278477,7.98873955879341,5.14562804827044,0.0423051983581878,0.0339526595897913,20.8333333333333,54.1666666666667,42.8571428571429,67.3469387755102,60.2739726027397,75.3424657534247
"235","Indica",0.75,"PH","2012","2010",5,0.548707567420802,0.734000409506166,8.10120867914458,5.25258363143568,0.0424715650179157,0.034198719314564,29.1666666666667,50,44.8979591836735,61.2244897959184,64.3835616438356,72.6027397260274
"236","Indica",0.75,"PH","2012","2010",6,0.523972224825256,0.726352273876936,7.96859375740452,5.24796797225995,0.0422568220704385,0.03429269187677,29.1666666666667,54.1666666666667,44.8979591836735,63.265306122449,60.2739726027397,72.6027397260274
"237","Indica",0.75,"PH","2012","2010",7,0.509582808947905,0.694358702951865,8.5153791113766,6.06852791206648,0.0436425961556201,0.036842599104479,33.3333333333333,50,48.9795918367347,61.2244897959184,60.2739726027397,69.8630136986301
"238","Indica",0.75,"PH","2012","2010",8,0.54267761516272,0.675747050660542,8.24182043246062,6.2756408827785,0.0429251921212841,0.037456717481473,29.1666666666667,37.5,51.0204081632653,61.2244897959184,65.7534246575342,72.6027397260274
"239","Indica",0.75,"PH","2012","2010",9,0.504633973074754,0.71729733941591,7.66098565851635,4.9976603446701,0.0414327848951038,0.0334645638445373,16.6666666666667,45.8333333333333,48.9795918367347,63.265306122449,64.3835616438356,75.3424657534247
"240","Indica",0.75,"PH","2012","2010",10,0.503731241004883,0.694065231524181,8.34338482183164,5.71236917012373,0.0432184255732983,0.0357606939192765,25,50,44.8979591836735,59.1836734693878,58.9041095890411,67.1232876712329
"241","Indica",0.8,"PHR","2011","2010",1,0.32972934981921,0.504498455176561,5.35202807427123,4.45838099496468,0.0380547513010616,0.0347326792714261,42.3076923076923,61.5384615384615,48.0769230769231,44.2307692307692,48.7179487179487,43.5897435897436
"242","Indica",0.8,"PHR","2011","2010",2,0.0145587365973223,0.371841404299582,9.8889430197363,5.63863549582826,0.0517147215291329,0.0390504698564309,23.0769230769231,26.9230769230769,17.3076923076923,30.7692307692308,25.6410256410256,34.6153846153846
"243","Indica",0.8,"PHR","2011","2010",3,0.233506208646263,0.433188045586281,6.24008316710213,5.27353096181993,0.0411059533629129,0.0377885550935784,50,38.4615384615385,48.0769230769231,50,48.7179487179487,46.1538461538462
"244","Indica",0.8,"PHR","2011","2010",4,0.145498044352757,0.377401857067704,6.37027688880623,5.62968116979245,0.0414597444063307,0.0389752909130006,15.3846153846154,26.9230769230769,21.1538461538462,36.5384615384615,34.6153846153846,42.3076923076923
"245","Indica",0.8,"PHR","2011","2010",5,0.321375413343786,0.276944358057899,5.48412911172261,5.89492800094283,0.0385258962879885,0.0399427689696145,34.6153846153846,30.7692307692308,38.4615384615385,34.6153846153846,39.7435897435897,35.8974358974359
"246","Indica",0.8,"PHR","2011","2010",6,0.254193831555154,0.406784135859916,9.29147832772563,6.4668515366239,0.0499988555512047,0.0417122964040976,23.0769230769231,34.6153846153846,30.7692307692308,38.4615384615385,37.1794871794872,43.5897435897436
"247","Indica",0.8,"PHR","2011","2010",7,0.238446721698418,0.377893228054465,6.04924778543177,5.55900910867165,0.0404788534025355,0.0388039742743996,30.7692307692308,30.7692307692308,28.8461538461538,30.7692307692308,38.4615384615385,37.1794871794872
"248","Indica",0.8,"PHR","2011","2010",8,0.423224631085131,0.532760075355096,4.44466849436347,3.8368776091244,0.0346404754746775,0.032184971596957,34.6153846153846,38.4615384615385,30.7692307692308,48.0769230769231,39.7435897435897,46.1538461538462
"249","Indica",0.8,"PHR","2011","2010",9,0.274512167534178,0.359566336820519,5.379269669046,5.02594158247137,0.0380722018784873,0.0368006131414357,19.2307692307692,26.9230769230769,32.6923076923077,36.5384615384615,38.4615384615385,39.7435897435897
"250","Indica",0.8,"PHR","2011","2010",10,0.307644597000046,0.375643515425351,6.9911095469134,5.2646787241843,0.0434921321103487,0.0377418845392431,30.7692307692308,15.3846153846154,26.9230769230769,28.8461538461538,32.051282051282,38.4615384615385
"251","Indica",0.8,"GC","2011","2010",1,0.294349082192572,0.375878814403143,2.36347718957564,2.21704421561987,0.460061496724814,0.445581711877907,23.0769230769231,23.0769230769231,32.6923076923077,46.1538461538462,52.5641025641026,56.4102564102564
"252","Indica",0.8,"GC","2011","2010",2,-0.0256887505045389,0.181004628018664,3.21310575786645,2.89522965270872,0.533839186364784,0.506744972639663,7.69230769230769,26.9230769230769,25,30.7692307692308,38.4615384615385,46.1538461538462
"253","Indica",0.8,"GC","2011","2010",3,0.209334185942786,0.285784524714565,2.6526310150314,2.51091769910635,0.486065904928444,0.472903987505696,15.3846153846154,19.2307692307692,36.5384615384615,42.3076923076923,47.4358974358974,52.5641025641026
"254","Indica",0.8,"GC","2011","2010",4,0.0568596795939709,0.226718467736529,2.76769205782771,2.58628426345355,0.502787717094605,0.486030926267247,11.5384615384615,30.7692307692308,19.2307692307692,40.3846153846154,38.4615384615385,51.2820512820513
"255","Indica",0.8,"GC","2011","2010",5,0.0669862394495462,0.25757346438864,3.12369582713401,2.724069251411,0.521939891065202,0.487410851492731,19.2307692307692,23.0769230769231,26.9230769230769,38.4615384615385,35.8974358974359,50
"256","Indica",0.8,"GC","2011","2010",6,0.064252423156703,0.248911308871132,4.05597391369199,2.91412384738871,0.600714903717575,0.50918409891359,15.3846153846154,11.5384615384615,26.9230769230769,34.6153846153846,43.5897435897436,46.1538461538462
"257","Indica",0.8,"GC","2011","2010",7,0.165892138493342,0.237850269895107,2.72780856304117,2.62757823600983,0.49297739670025,0.483835678942478,23.0769230769231,30.7692307692308,32.6923076923077,40.3846153846154,46.1538461538462,50
"258","Indica",0.8,"GC","2011","2010",8,0.181802760338533,0.282744339758347,2.620545891244,2.45314921841781,0.483049657162265,0.467366819319595,26.9230769230769,42.3076923076923,34.6153846153846,38.4615384615385,46.1538461538462,52.5641025641026
"259","Indica",0.8,"GC","2011","2010",9,0.14904479803265,0.256395872609703,2.5735905170967,2.62056515335235,0.476842881683964,0.48117500656647,26.9230769230769,23.0769230769231,38.4615384615385,46.1538461538462,47.4358974358974,50
"260","Indica",0.8,"GC","2011","2010",10,0.262529649542457,0.343977302299796,2.42255457927067,2.30630482072276,0.469845290016444,0.458433605213344,19.2307692307692,23.0769230769231,30.7692307692308,46.1538461538462,48.7179487179487,53.8461538461538
"261","Indica",0.8,"PH","2011","2010",1,0.44283276779208,0.666915339695858,9.41846660014463,6.625873448145,0.0459347699636186,0.0385276937554193,26.9230769230769,38.4615384615385,50,59.6153846153846,58.974358974359,75.6410256410256
"262","Indica",0.8,"PH","2011","2010",2,0.474059229064161,0.684241164675465,9.70021880237725,6.53739344710575,0.0465729209523242,0.0382335851192803,15.3846153846154,38.4615384615385,44.2307692307692,63.4615384615385,62.8205128205128,75.6410256410256
"263","Indica",0.8,"PH","2011","2010",3,0.475692248395341,0.70518720125253,8.64876997217332,5.65769763118324,0.0439273342893133,0.035528554845142,30.7692307692308,42.3076923076923,42.3076923076923,59.6153846153846,55.1282051282051,70.5128205128205
"264","Indica",0.8,"PH","2011","2010",4,0.520119615121111,0.677230228264589,8.13204957529644,5.93655068978125,0.0426775474640369,0.0364641870340173,23.0769230769231,34.6153846153846,48.0769230769231,59.6153846153846,57.6923076923077,70.5128205128205
"265","Indica",0.8,"PH","2011","2010",5,0.561518958523759,0.601902798365101,8.07858978886396,7.87199046738105,0.0424815043537828,0.041934781954648,26.9230769230769,34.6153846153846,48.0769230769231,59.6153846153846,57.6923076923077,67.948717948718
"266","Indica",0.8,"PH","2011","2010",6,0.511789000735176,0.704600814739787,8.32715152802833,5.68775624674211,0.0431274271030349,0.0356431274934624,23.0769230769231,42.3076923076923,38.4615384615385,61.5384615384615,52.5641025641026,70.5128205128205
"267","Indica",0.8,"PH","2011","2010",7,0.543195976971948,0.678548650833516,8.33695423805358,6.26411436765668,0.0432189163611787,0.0374627801652688,26.9230769230769,46.1538461538462,48.0769230769231,61.5384615384615,58.974358974359,75.6410256410256
"268","Indica",0.8,"PH","2011","2010",8,0.565902280151618,0.661971388613555,7.7607437429923,6.33820243756055,0.0417464182292439,0.0377268548399311,23.0769230769231,46.1538461538462,50,59.6153846153846,62.8205128205128,74.3589743589744
"269","Indica",0.8,"PH","2011","2010",9,0.508218668537727,0.698597346057629,8.49128365620066,5.71041058387139,0.043570202637197,0.03573029262797,23.0769230769231,50,38.4615384615385,63.4615384615385,62.8205128205128,71.7948717948718
"270","Indica",0.8,"PH","2011","2010",10,0.545086744985777,0.726510076226248,7.76747964619074,5.3500648685617,0.0417672592599438,0.0346637417136725,15.3846153846154,50,44.2307692307692,63.4615384615385,65.3846153846154,76.9230769230769
"271","Indica",0.8,"PHR","2012","2010",1,0.22210012419353,0.37431938286818,6.020081724939,6.0621264936961,0.0403666709711459,0.0405073878556156,19.2307692307692,15.3846153846154,32.6923076923077,26.9230769230769,38.4615384615385,47.4358974358974
"272","Indica",0.8,"PHR","2012","2010",2,0.28217038308408,0.470404612052311,5.25950157042203,4.68435922765342,0.0377104906582194,0.0355889344076585,30.7692307692308,30.7692307692308,38.4615384615385,40.3846153846154,42.3076923076923,42.3076923076923
"273","Indica",0.8,"PHR","2012","2010",3,-0.0587049197425159,0.432275458163701,10.1259792603658,5.28774936253606,0.05227810265996,0.0377778059316858,7.69230769230769,19.2307692307692,19.2307692307692,26.9230769230769,21.7948717948718,29.4871794871795
"274","Indica",0.8,"PHR","2012","2010",4,0.362825742385382,0.467513079970953,4.78825646480059,4.74953041771389,0.0359560322583736,0.0358103360268337,46.1538461538462,30.7692307692308,40.3846153846154,36.5384615384615,46.1538461538462,48.7179487179487
"275","Indica",0.8,"PHR","2012","2010",5,0.178328726801745,0.436518951180971,6.48231039762612,7.05952171034174,0.0418550230530478,0.0436787612539877,30.7692307692308,26.9230769230769,32.6923076923077,34.6153846153846,39.7435897435897,43.5897435897436
"276","Indica",0.8,"PHR","2012","2010",6,0.351316188741119,0.405748890384389,5.48304407859578,5.16268999320279,0.038526274820679,0.0373838627380999,11.5384615384615,11.5384615384615,28.8461538461538,34.6153846153846,32.051282051282,38.4615384615385
"277","Indica",0.8,"PHR","2012","2010",7,0.203083209258876,0.527951527036134,7.20336580270272,4.77125077541734,0.0441872540239635,0.035962129488344,23.0769230769231,46.1538461538462,32.6923076923077,50,47.4358974358974,53.8461538461538
"278","Indica",0.8,"PHR","2012","2010",8,0.298746800023257,0.554531133388348,5.79779403710811,4.56752377022195,0.0396219831524711,0.035167801986043,34.6153846153846,30.7692307692308,44.2307692307692,40.3846153846154,42.3076923076923,41.025641025641
"279","Indica",0.8,"PHR","2012","2010",9,0.368527924660907,0.401024390026224,5.57761552225188,5.49406035028551,0.0388314342070652,0.0385394805672772,26.9230769230769,23.0769230769231,40.3846153846154,34.6153846153846,41.025641025641,35.8974358974359
"280","Indica",0.8,"PHR","2012","2010",10,0.0799989864608197,0.27197408484883,8.78166333681986,8.98363281974878,0.0486976807087427,0.0492544963583288,23.0769230769231,26.9230769230769,30.7692307692308,36.5384615384615,35.8974358974359,41.025641025641
"281","Indica",0.8,"GC","2012","2010",1,0.092171887018658,0.105905159259376,3.14156277046979,2.86435173780192,0.523744523298684,0.500103389044117,19.2307692307692,23.0769230769231,26.9230769230769,23.0769230769231,39.7435897435897,41.025641025641
"282","Indica",0.8,"GC","2012","2010",2,0.104373384227871,0.172635865375577,2.86325312275779,2.7585364682471,0.500119155348691,0.490888640548343,7.69230769230769,15.3846153846154,26.9230769230769,30.7692307692308,41.025641025641,39.7435897435897
"283","Indica",0.8,"GC","2012","2010",3,0.186992741882734,0.284725057793244,2.64297868863833,2.54650765098394,0.492956096684331,0.483875802067553,7.69230769230769,30.7692307692308,42.3076923076923,44.2307692307692,47.4358974358974,47.4358974358974
"284","Indica",0.8,"GC","2012","2010",4,0.119037532522537,0.22685610722082,2.59159115160712,2.71105457289526,0.481267052615321,0.492234462885434,15.3846153846154,26.9230769230769,28.8461538461538,46.1538461538462,42.3076923076923,51.2820512820513
"285","Indica",0.8,"GC","2012","2010",5,0.262560915909599,0.294657704979024,2.67081482739563,2.86519362341824,0.481518504741361,0.49873297123439,23.0769230769231,23.0769230769231,34.6153846153846,42.3076923076923,43.5897435897436,48.7179487179487
"286","Indica",0.8,"GC","2012","2010",6,0.0507056881093776,0.183685713230034,4.94776188568226,2.73081229270734,0.670897020403663,0.498422216629201,3.84615384615385,15.3846153846154,26.9230769230769,40.3846153846154,42.3076923076923,51.2820512820513
"287","Indica",0.8,"GC","2012","2010",7,0.270455762190185,0.270071601186543,2.82849611378544,3.21146824313608,0.503039683231217,0.536014168107505,23.0769230769231,15.3846153846154,26.9230769230769,38.4615384615385,51.2820512820513,48.7179487179487
"288","Indica",0.8,"GC","2012","2010",8,0.289923898946465,0.318707959130717,2.50415489969236,2.66895954387481,0.489953960402199,0.505819622507903,26.9230769230769,19.2307692307692,40.3846153846154,44.2307692307692,47.4358974358974,60.2564102564103
"289","Indica",0.8,"GC","2012","2010",9,0.230022527628453,0.293892106150172,2.68267068678737,2.67568506524793,0.493487242701021,0.492844308359351,15.3846153846154,23.0769230769231,32.6923076923077,42.3076923076923,50,60.2564102564103
"290","Indica",0.8,"GC","2012","2010",10,0.105742526723485,0.285553978238284,3.0887823758544,2.75151060750269,0.523494586113796,0.494087805253392,15.3846153846154,23.0769230769231,26.9230769230769,34.6153846153846,41.025641025641,50
"291","Indica",0.8,"PH","2012","2010",1,0.528217013362813,0.679784986478811,8.36783932117336,6.27688418817295,0.0432121244253653,0.037425792867199,26.9230769230769,38.4615384615385,44.2307692307692,61.5384615384615,58.974358974359,64.1025641025641
"292","Indica",0.8,"PH","2012","2010",2,0.456070371742343,0.681672637783105,8.3535966101699,5.5958286356077,0.0432866531466824,0.0354282304962573,23.0769230769231,34.6153846153846,51.9230769230769,59.6153846153846,60.2564102564103,73.0769230769231
"293","Indica",0.8,"PH","2012","2010",3,0.549953881906009,0.70284448901975,8.20924444782715,6.11417011409446,0.0429202672762401,0.0370407338879177,23.0769230769231,53.8461538461538,53.8461538461538,67.3076923076923,65.3846153846154,71.7948717948718
"294","Indica",0.8,"PH","2012","2010",4,0.523479567938924,0.691914409288546,8.94885426839349,6.42683057408851,0.0447061793127038,0.0378863060652278,26.9230769230769,53.8461538461538,48.0769230769231,57.6923076923077,56.4102564102564,67.948717948718
"295","Indica",0.8,"PH","2012","2010",5,0.476261376495109,0.672105547450305,9.73339144096807,7.16772546981324,0.046514494428359,0.0399159887686453,26.9230769230769,38.4615384615385,42.3076923076923,55.7692307692308,57.6923076923077,66.6666666666667
"296","Indica",0.8,"PH","2012","2010",6,0.373994162154518,0.685373278492957,10.0366058600719,5.99877190824836,0.0474455122822721,0.0366803000748042,19.2307692307692,38.4615384615385,34.6153846153846,57.6923076923077,56.4102564102564,69.2307692307692
"297","Indica",0.8,"PH","2012","2010",7,0.503485994783657,0.676421555899123,8.51195814688464,5.93576625822745,0.0436543240907923,0.0364544813637947,3.84615384615385,46.1538461538462,40.3846153846154,57.6923076923077,53.8461538461538,67.948717948718
"298","Indica",0.8,"PH","2012","2010",8,0.489826254911275,0.684523502638557,9.0039407933263,6.22598627362851,0.0448845476385487,0.0373236937020995,26.9230769230769,38.4615384615385,51.9230769230769,63.4615384615385,53.8461538461538,69.2307692307692
"299","Indica",0.8,"PH","2012","2010",9,0.570187204471097,0.6921982047144,8.4853288215953,6.26120769249303,0.0435028383702153,0.0373690717804999,34.6153846153846,50,53.8461538461538,59.6153846153846,62.8205128205128,70.5128205128205
"300","Indica",0.8,"PH","2012","2010",10,0.426744136396794,0.709003810463454,9.64867654534634,5.64893226283977,0.0464185971491039,0.0355174126355438,15.3846153846154,46.1538461538462,34.6153846153846,63.4615384615385,53.8461538461538,67.948717948718
