"","Dataset","Testing_Proportion","Trait","Env_Proxy","Env_goal","COR_BayI_Ave","COR_BayNI_SD","COR_Trans_Ave","COR_Trans_SD","MSE_BayI_Ave","MSE_BayNI_SD","MSE_Trans_Ave","MSE_Trans_SD","NRMSE_BayI_Ave","NRMSE_BayI_SD","NRMSE_Trans_Ave","NRMSE_Trans_SD","PM_Conv_Ave_10","PM_Conv_SD_10","PM_Transf_Ave_10","PM_Transf_SD_10","PM_Conv_Ave_20","PM_Conv_SD_20","PM_Transf_Ave_20","PM_Transf_SD_20","PM_Conv_Ave_30","PM_Conv_SD_30","PM_Transf_Ave_30","PM_Transf_SD_30"
"1","EYT_3",0.15,"DTHD","Bed5IR","Bed2IR",0.479882708082093,0.0727845840531392,0.689394536540121,0.0416463503437374,6.78963551084416,0.733072456749038,4.60365117473195,0.446993725474124,0.0317073168842966,0.00168437424550556,0.0261149059364195,0.00128655599113145,32.8571428571429,11.2687233963802,48.5714285714286,12.9537814368909,42.7586206896552,6.93476005930959,56.551724137931,5.44007336376976,49.0697674418605,3.86820928678284,61.1627906976744,5.80619637552682
"2","EYT_3",0.15,"DTMT","Bed5IR","Bed2IR",0.449383285801583,0.107444735342329,0.640688117163592,0.0690506421915933,6.2050435405459,1.10531670587501,4.53155150439863,0.78539439207429,0.0214864785034748,0.00187582236143249,0.0183642529359088,0.00158156561818152,22.8571428571429,6.56383273909058,35,11.8809285236901,35.5172413793103,6.3061456203886,46.551724137931,5.91702881665919,49.3023255813954,4.62525081865932,58.6046511627907,5.78026414955264
"3","EYT_3",0.15,"GY","Bed5IR","Bed2IR",0.415614352776927,0.0307188739420041,0.429941931675844,0.0366512962301128,0.0789472848509645,0.0103256045218482,0.0777724935662384,0.00969251937692208,0.0747133556836534,0.00519065282395533,0.0741671128649738,0.00499144058484216,29.2857142857143,9.19059955505656,30.7142857142857,7.56678503908129,42.7586206896552,7.12272799302513,41.3793103448276,7.44912723954926,47.906976744186,5.92402268978071,46.9767441860465,4.9998497663867
"4","EYT_3",0.15,"Height","Bed5IR","Bed2IR",0.456773549139304,0.0381701780058108,0.492157572701195,0.0513074554803004,22.5635127013786,1.7759388197749,21.6262237165992,1.74879151523414,0.0616290653462017,0.00253543465353179,0.0603336533106119,0.00252800523066379,28.5714285714286,11.1676565710082,25.7142857142857,9.6421222530079,39.3103448275862,8.78389571243347,41.0344827586207,7.52851627301739,50.9302325581395,3.70960809736601,52.3255813953488,4.553232606384
"5","EYT_3",0.15,"DTHD","Flat5IR","Bed2IR",0.479018638328923,0.0696458311796388,0.690158764493916,0.0446030301681114,7.25335722212867,1.25820946901523,4.92006558251384,0.866913894092555,0.0327138531127786,0.00291078839102363,0.0269400659586032,0.00244380491846813,32.8571428571429,16.5643115532629,43.5714285714286,12.7996952911577,41.3793103448276,7.08553333674595,55.5172413793103,7.16894994460353,51.1627906976744,3.95272830511069,61.1627906976744,3.29799184281901
"6","EYT_3",0.15,"DTMT","Flat5IR","Bed2IR",0.508515299319726,0.0508027578928733,0.605633595232089,0.0366467655885697,6.05120206013105,0.797143736001501,5.16167713089217,0.701572623271102,0.0212618003158853,0.001458883784627,0.0196349783753556,0.00138421955686302,30,7.37711113563318,42.1428571428571,9.78800228147356,38.6206896551724,8.25668275681286,44.8275862068966,4.30075561698154,55.1162790697674,4.78489902698014,56.2790697674419,4.87818068916349
"7","EYT_3",0.15,"GY","Flat5IR","Bed2IR",0.415613618654258,0.0508695948841928,0.421211176143437,0.0533381176057171,0.0815380918866065,0.00532456344873579,0.0812149854866669,0.00552034520713569,0.0759274148348333,0.00290018249538718,0.0757732182241154,0.00296541130654314,27.8571428571429,7.10306375722681,30.7142857142857,8.94046826453266,44.4827586206897,3.79484460211935,43.448275862069,4.93048519299476,50,5.05364527535089,50,5.28611693681622
"8","EYT_3",0.15,"Height","Flat5IR","Bed2IR",0.418760451293673,0.0555463825362051,0.483396522045474,0.0548274989545318,22.2960736675879,2.232180294816,20.6337062357464,1.86596534985756,0.0613645052801861,0.0030388360558717,0.0590430190887248,0.00261442983578387,25,10.240863413146,27.8571428571429,7.10306375722681,39.6551724137931,8.16820138135166,45.8620689655172,5.87220219514703,49.3023255813954,5.348275445166,55.3488372093023,4.35766490621866
"9","EYT_3",0.15,"DTHD","FlatDrip","Bed2IR",0.486573158944128,0.0511570832236355,0.756344896281037,0.0355716339561735,7.2921459005536,0.937118925237715,4.09985757705598,0.69912545233996,0.0328910086636958,0.00215879197601091,0.0246264290244344,0.00211402369829795,36.4285714285714,10.8848851911071,52.8571428571429,13.1276654781812,45.8620689655172,4.89012583590406,57.9310344827586,6.4613652057725,53.4883720930233,6.66846919925785,66.7441860465116,5.37629174710068
"10","EYT_3",0.15,"DTMT","FlatDrip","Bed2IR",0.476234209135487,0.0617297364358354,0.64722721106413,0.0430979405327898,6.54796239203988,0.76690245286644,4.91513927693682,0.555497141170234,0.0221391061896629,0.00131391264166795,0.0191829858227061,0.00110117268618639,35,7.10306375722681,37.8571428571429,11.6885121034605,42.7586206896552,8.32044187165694,51.3793103448276,10.079614376273,52.3255813953488,7.20971908439468,60.2325581395349,5.9493283269302
"11","EYT_3",0.15,"GY","FlatDrip","Bed2IR",0.428053470261212,0.0528870973368042,0.5750289012258,0.0356199129807013,0.0822689135776465,0.00636821545473115,0.0673413692761291,0.00543391134487623,0.0759885730015107,0.00312599980867657,0.0687517872618404,0.00308034654618329,28.5714285714286,9.52380952380952,37.1428571428571,5.63436169819011,44.4827586206897,6.17916324400718,48.9655172413793,4.82210964675932,48.6046511627907,6.79787946306783,54.6511627906977,4.80995102557785
"12","EYT_3",0.15,"Height","FlatDrip","Bed2IR",0.412103922567595,0.0685484703494133,0.421585005164769,0.0624569269836453,21.8236520512033,2.1011478898371,21.5351039945128,1.91981249609617,0.0607001701690238,0.00302077277290166,0.0603043551392311,0.00274387802254437,25,13.1492393061753,25.7142857142857,13.5526185435788,39.6551724137931,6.55273232815596,42.4137931034483,7.2786851489598,50.6976744186046,6.18214016662849,50.2325581395349,5.61146079716399
"13","EYT_3",0.15,"DTHD","LHT","Bed2IR",0.481891200806695,0.0469545725699238,0.691659477394458,0.0304282654555671,6.82722380090455,1.25094288206662,4.61831812098676,0.786783767395554,0.0317214351443909,0.00290778628908684,0.0261051818485262,0.00220864329739275,30.7142857142857,9.55352507035185,42.8571428571429,13.0410132739325,38.9655172413793,4.31608812770542,49.6551724137931,5.44007336376976,49.0697674418605,4.5795520892223,59.0697674418605,5.92402268978071
"14","EYT_3",0.15,"DTMT","LHT","Bed2IR",0.475131059055841,0.0577204953790125,0.610745067930651,0.0572797088167871,6.15461891341057,0.79217533386212,4.94257745874608,0.611590438971232,0.0214409369444772,0.00137049872114854,0.0192168811018534,0.00116890554496034,28.5714285714286,7.52923252421043,37.1428571428571,9.40400840863405,38.9655172413793,7.63308400730299,43.7931034482759,7.80425066518067,52.7906976744186,4.10925838161196,57.2093023255814,4.54662892980316
"15","EYT_3",0.15,"GY","LHT","Bed2IR",0.389478282457982,0.0704606466898658,0.396201684494613,0.0672042904849174,0.0813562582284898,0.0107553491072213,0.0807075524803868,0.0111035179527388,0.0757887056904832,0.0048766816806084,0.0754780566177653,0.00503615483082607,25.7142857142857,7.67834071266529,24.2857142857143,10.7538950387012,39.6551724137931,5.9170288166592,39.6551724137931,5.45220286235927,48.3720930232558,4.07253505009727,47.906976744186,4.92720886265758
"16","EYT_3",0.15,"Height","LHT","Bed2IR",0.414390134729262,0.0680407649192365,0.440578676360946,0.0618288812014486,22.0825604475491,2.48384992036054,21.4088572095749,2.21281729752502,0.0608983957600225,0.00328353180191711,0.0599768307886257,0.00296815535529731,20.7142857142857,7.10306375722681,20,8.78051853075513,37.9310344827586,6.89655172413793,38.6206896551724,6.85813052421899,48.3720930232558,6.18214016662849,49.5348837209302,5.90878728687116
"17","EYT_3",0.3,"DTHD","Bed5IR","Bed2IR",0.468566541245036,0.0554987864838907,0.695737270807699,0.0335963605096985,7.08955409219699,0.669708718604205,4.66318515827495,0.381902612014653,0.0324255706347281,0.00155428036593308,0.0263049213386314,0.00111324457509348,35.3940886699507,8.77145107941983,50.1477832512315,10.5303317749653,43.6206896551724,5.59663833013044,57.2413793103448,4.42585692550059,51.0866078588613,5.05242117020376,63.0526597166533,4.96292798217655
"18","EYT_3",0.3,"DTHD","Flat5IR","Bed2IR",0.479018638328923,0.0696458311796388,0.690158764493916,0.0446030301681114,7.25335722212867,1.25820946901523,4.92006558251384,0.866913894092555,0.0327138531127786,0.00291078839102363,0.0269400659586032,0.00244380491846813,32.8571428571429,16.5643115532629,43.5714285714286,12.7996952911577,41.3793103448276,7.08553333674595,55.5172413793103,7.16894994460353,51.1627906976744,3.95272830511069,61.1627906976744,3.29799184281901
"19","EYT_3",0.3,"DTHD","FlatDrip","Bed2IR",0.486573158944128,0.0511570832236355,0.756344896281037,0.0355716339561735,7.2921459005536,0.937118925237715,4.09985757705598,0.69912545233996,0.0328910086636958,0.00215879197601091,0.0246264290244344,0.00211402369829795,36.4285714285714,10.8848851911071,52.8571428571429,13.1276654781812,45.8620689655172,4.89012583590406,57.9310344827586,6.4613652057725,53.4883720930233,6.66846919925785,66.7441860465116,5.37629174710068
"20","EYT_3",0.3,"DTHD","LHT","Bed2IR",0.481891200806695,0.0469545725699238,0.691659477394458,0.0304282654555671,6.82722380090455,1.25094288206662,4.61831812098676,0.786783767395554,0.0317214351443909,0.00290778628908684,0.0261051818485262,0.00220864329739275,30.7142857142857,9.55352507035185,42.8571428571429,13.0410132739325,38.9655172413793,4.31608812770542,49.6551724137931,5.44007336376976,49.0697674418605,4.5795520892223,59.0697674418605,5.92402268978071
"21","EYT_3",0.3,"DTMT","Bed5IR","Bed2IR",0.449383285801583,0.107444735342329,0.640688117163592,0.0690506421915933,6.2050435405459,1.10531670587501,4.53155150439863,0.78539439207429,0.0214864785034748,0.00187582236143249,0.0183642529359088,0.00158156561818152,22.8571428571429,6.56383273909058,35,11.8809285236901,35.5172413793103,6.3061456203886,46.551724137931,5.91702881665919,49.3023255813954,4.62525081865932,58.6046511627907,5.78026414955264
"22","EYT_3",0.3,"DTMT","Flat5IR","Bed2IR",0.508515299319726,0.0508027578928733,0.605633595232089,0.0366467655885697,6.05120206013105,0.797143736001501,5.16167713089217,0.701572623271102,0.0212618003158853,0.001458883784627,0.0196349783753556,0.00138421955686302,30,7.37711113563318,42.1428571428571,9.78800228147356,38.6206896551724,8.25668275681286,44.8275862068966,4.30075561698154,55.1162790697674,4.78489902698014,56.2790697674419,4.87818068916349
"23","EYT_3",0.3,"DTMT","FlatDrip","Bed2IR",0.476234209135487,0.0617297364358354,0.64722721106413,0.0430979405327898,6.54796239203988,0.76690245286644,4.91513927693682,0.555497141170234,0.0221391061896629,0.00131391264166795,0.0191829858227061,0.00110117268618639,35,7.10306375722681,37.8571428571429,11.6885121034605,42.7586206896552,8.32044187165694,51.3793103448276,10.079614376273,52.3255813953488,7.20971908439468,60.2325581395349,5.9493283269302
"24","EYT_3",0.3,"DTMT","LHT","Bed2IR",0.475131059055841,0.0577204953790125,0.610745067930651,0.0572797088167871,6.15461891341057,0.79217533386212,4.94257745874608,0.611590438971232,0.0214409369444772,0.00137049872114854,0.0192168811018534,0.00116890554496034,28.5714285714286,7.52923252421043,37.1428571428571,9.40400840863405,38.9655172413793,7.63308400730299,43.7931034482759,7.80425066518067,52.7906976744186,4.10925838161196,57.2093023255814,4.54662892980316
"25","EYT_3",0.3,"GY","Bed5IR","Bed2IR",0.415614352776927,0.0307188739420041,0.429941931675844,0.0366512962301128,0.0789472848509645,0.0103256045218482,0.0777724935662384,0.00969251937692208,0.0747133556836534,0.00519065282395533,0.0741671128649738,0.00499144058484216,29.2857142857143,9.19059955505656,30.7142857142857,7.56678503908129,42.7586206896552,7.12272799302513,41.3793103448276,7.44912723954926,47.906976744186,5.92402268978071,46.9767441860465,4.9998497663867
"26","EYT_3",0.3,"GY","Flat5IR","Bed2IR",0.415613618654258,0.0508695948841928,0.421211176143437,0.0533381176057171,0.0815380918866065,0.00532456344873579,0.0812149854866669,0.00552034520713569,0.0759274148348333,0.00290018249538718,0.0757732182241154,0.00296541130654314,27.8571428571429,7.10306375722681,30.7142857142857,8.94046826453266,44.4827586206897,3.79484460211935,43.448275862069,4.93048519299476,50,5.05364527535089,50,5.28611693681622
"27","EYT_3",0.3,"GY","FlatDrip","Bed2IR",0.428053470261212,0.0528870973368042,0.5750289012258,0.0356199129807013,0.0822689135776465,0.00636821545473115,0.0673413692761291,0.00543391134487623,0.0759885730015107,0.00312599980867657,0.0687517872618404,0.00308034654618329,28.5714285714286,9.52380952380952,37.1428571428571,5.63436169819011,44.4827586206897,6.17916324400718,48.9655172413793,4.82210964675932,48.6046511627907,6.79787946306783,54.6511627906977,4.80995102557785
"28","EYT_3",0.3,"GY","LHT","Bed2IR",0.389478282457982,0.0704606466898658,0.396201684494613,0.0672042904849174,0.0813562582284898,0.0107553491072213,0.0807075524803868,0.0111035179527388,0.0757887056904832,0.0048766816806084,0.0754780566177653,0.00503615483082607,25.7142857142857,7.67834071266529,24.2857142857143,10.7538950387012,39.6551724137931,5.9170288166592,39.6551724137931,5.45220286235927,48.3720930232558,4.07253505009727,47.906976744186,4.92720886265758
"29","EYT_3",0.3,"Height","Bed5IR","Bed2IR",0.456773549139304,0.0381701780058108,0.492157572701195,0.0513074554803004,22.5635127013786,1.7759388197749,21.6262237165992,1.74879151523414,0.0616290653462017,0.00253543465353179,0.0603336533106119,0.00252800523066379,28.5714285714286,11.1676565710082,25.7142857142857,9.6421222530079,39.3103448275862,8.78389571243347,41.0344827586207,7.52851627301739,50.9302325581395,3.70960809736601,52.3255813953488,4.553232606384
"30","EYT_3",0.3,"Height","Flat5IR","Bed2IR",0.418760451293673,0.0555463825362051,0.483396522045474,0.0548274989545318,22.2960736675879,2.232180294816,20.6337062357464,1.86596534985756,0.0613645052801861,0.0030388360558717,0.0590430190887248,0.00261442983578387,25,10.240863413146,27.8571428571429,7.10306375722681,39.6551724137931,8.16820138135166,45.8620689655172,5.87220219514703,49.3023255813954,5.348275445166,55.3488372093023,4.35766490621866
"31","EYT_3",0.3,"Height","FlatDrip","Bed2IR",0.412103922567595,0.0685484703494133,0.421585005164769,0.0624569269836453,21.8236520512033,2.1011478898371,21.5351039945128,1.91981249609617,0.0607001701690238,0.00302077277290166,0.0603043551392311,0.00274387802254437,25,13.1492393061753,25.7142857142857,13.5526185435788,39.6551724137931,6.55273232815596,42.4137931034483,7.2786851489598,50.6976744186046,6.18214016662849,50.2325581395349,5.61146079716399
"32","EYT_3",0.3,"Height","LHT","Bed2IR",0.414390134729262,0.0680407649192365,0.440578676360946,0.0618288812014486,22.0825604475491,2.48384992036054,21.4088572095749,2.21281729752502,0.0608983957600225,0.00328353180191711,0.0599768307886257,0.00296815535529731,20.7142857142857,7.10306375722681,20,8.78051853075513,37.9310344827586,6.89655172413793,38.6206896551724,6.85813052421899,48.3720930232558,6.18214016662849,49.5348837209302,5.90878728687116
"33","EYT_3",0.3,"DTMT","Bed5IR","Bed2IR",0.456322515755217,0.0760711627204201,0.647879267731104,0.0505754176880504,6.20077858749417,0.856281810838572,4.51238763170965,0.60855334009619,0.0215185940502334,0.00146399707697352,0.0183577102357926,0.00123599022315182,23.6699507389163,6.35936099694953,36.9827586206897,9.41208863964946,37.6724137931035,5.79374618334058,48.2758620689655,5.48082354647604,51.2603581929965,4.37980598944263,60.6816359262229,5.16269479053325
"34","EYT_3",0.3,"GY","Bed5IR","Bed2IR",0.406550255630448,0.0332436559458164,0.421697419650784,0.041222747664956,0.0800202254547411,0.00886352316178957,0.0788983430723747,0.00857836120795262,0.0751707834713296,0.00446699914596312,0.0746435322146529,0.00435909844887957,28.6083743842365,6.96898652793895,29.1502463054187,6.30154622058661,40.8620689655172,5.89613248209777,41.2931034482759,6.06293525686253,46.8270515904838,4.6452371609185,47.3389468056669,3.77351291654699
"35","EYT_3",0.3,"Height","Bed5IR","Bed2IR",0.429503421035283,0.0413722415498777,0.477061865949552,0.0438612929035849,23.2380743006233,1.78965357104917,22.0210896790325,1.79276856867732,0.0625621535147582,0.00246041270312646,0.0608970368448965,0.00250700572775241,26.5270935960591,9.43777653352444,26.8226600985222,8.42187118852523,38.6206896551724,7.12858309306278,40.3448275862069,6.1633885491595,49.6030473135525,4.6757367609086,51.5076182838813,4.36699013602829
"36","EYT_3",0.3,"DTHD","Flat5IR","Bed2IR",0.468628778181649,0.0526620521218605,0.690836654399601,0.0384041729331575,7.3306809942538,0.915198045640732,4.89844880594908,0.660405768045112,0.0329412242029156,0.00211338585926657,0.0269204692760542,0.00184830137666058,33.4975369458128,12.6392439980854,44.5443349753695,9.72739013440289,41.2068965517241,6.04807905694993,54.2241379310345,6.55876496260218,51.0411654637797,3.12851562235453,61.8457631649292,3.59202929056328
"37","EYT_3",0.3,"DTMT","Flat5IR","Bed2IR",0.480722134812547,0.0552283452532431,0.594956456308404,0.0394471678901994,6.26675269687323,0.680194346083321,5.24833404785156,0.557709716353391,0.021647287735378,0.00122025489478427,0.0198121229817687,0.00108482527255608,27.7586206896552,7.25225338303855,38.14039408867,9.89208778270111,39.051724137931,6.78851402358985,45.5172413793103,5.57703533354272,52.9604383854584,4.65721391898142,56.3579256883186,4.59088476773825
"38","EYT_3",0.3,"GY","Flat5IR","Bed2IR",0.407341700461655,0.0479940351584074,0.410323755649214,0.0469633015654005,0.0814344382878955,0.00570876985136814,0.0812078216697486,0.00581442592809903,0.0758545388229526,0.00285438909690365,0.0757465235743232,0.00288936309349404,27.7216748768473,5.71662927008267,29.4950738916256,7.27632933473999,43.3620689655172,4.62211831531372,42.5862068965517,5.39740546293053,48.9080459770115,4.30420190434782,48.6781609195402,4.41563855763088
"39","EYT_3",0.3,"Height","Flat5IR","Bed2IR",0.419708884672102,0.0417777520697803,0.479907019897491,0.044037773360621,22.6300744222604,1.97042274995106,21.0891730219013,1.7827426239052,0.0617744139856037,0.00271828019536651,0.0596371731101982,0.0025537221593497,24.3965517241379,9.5879368205252,27.2044334975369,7.20737183276264,40.6034482758621,6.67697171711067,44.7413793103448,5.26163223397144,49.3063352044908,4.5041441121453,53.7089013632718,4.2040212178782
"40","EYT_3",0.3,"DTHD","FlatDrip","Bed2IR",0.475026505179132,0.0516765287482977,0.759711835531673,0.0285481753073937,7.38518430685738,0.86692207922149,4.02611579374877,0.536762398189352,0.0330885956888981,0.00198211702745727,0.0244202076293001,0.00162676081243715,36.1453201970443,8.60117610736987,52.2906403940887,9.59080868032962,45,5.4205455710198,59.3103448275862,5.46366912710074,51.9740711039829,5.49689232135989,66.8778401496926,3.95782370115158
"41","EYT_3",0.3,"DTMT","FlatDrip","Bed2IR",0.46227530985547,0.0541587173851717,0.654231041496609,0.0340281725148005,6.62356263475077,0.597294109826968,4.820274600707,0.421358038485766,0.022271378401347,0.00102544221172693,0.0190009965142119,0.000837072855339884,32.5,7.2849250418733,36.85960591133,9.20802816509971,41.3793103448276,6.9417754986952,50.948275862069,7.65917310151926,51.3926757551457,5.89741836308496,60.6335204490778,5.02024378708408
"42","EYT_3",0.3,"GY","FlatDrip","Bed2IR",0.416218689930986,0.0518986669217285,0.578416237770501,0.0343558527065372,0.0836723501610185,0.00751630952554898,0.0674444225171553,0.00619154908165809,0.076828837851073,0.00368842064386498,0.068976043789598,0.00341105257571848,30.4926108374384,7.88161135431037,36.8472906403941,6.83161397465988,42.9310344827586,5.3916049180383,48.7068965517241,5.44861470608885,47.520716385993,6.00730454275609,54.9117882919006,4.78032985186538
"43","EYT_3",0.3,"Height","FlatDrip","Bed2IR",0.411629343028021,0.053035395732501,0.421613849357182,0.0491551040948062,22.7017754074928,1.83582135244364,22.4437415330542,1.77086323441172,0.0619010861470254,0.00258969804755199,0.0615499932568635,0.00249117336683231,25.6034482758621,10.5509530209197,25.615763546798,10.3580911797635,38.7068965517241,5.82606107686133,40.6896551724138,5.98305804258135,49.3718257150495,5.79268923064801,49.8289227479284,4.65010265457856
"44","EYT_3",0.3,"DTHD","LHT","Bed2IR",0.461356915616433,0.0557538203704204,0.681883952554376,0.0300946387562591,7.04272847569218,0.915509713681558,4.77362079286786,0.580232487736211,0.0322701686657303,0.0021376126875656,0.0265755356858585,0.00163781611287556,31.564039408867,8.69106244450799,41.9458128078818,10.876288580075,40.2586206896552,5.19580313675707,50.5172413793103,5.12989176042577,50.224538893344,3.92147319581138,59.937182571505,4.50105709159826
"45","EYT_3",0.3,"DTMT","LHT","Bed2IR",0.467800066645926,0.0438901473057905,0.609401777785657,0.043752819852474,6.22668948405137,0.619770382986255,4.99108436354849,0.501278499986646,0.0215781561224571,0.00107490963983102,0.0193186609249172,0.000963618497258579,29.4581280788177,7.06821793421553,37.5369458128079,7.79926675895826,38.448275862069,6.07904212137582,43.3620689655172,6.18556022250911,52.4873028601978,3.7182346969015,56.8805132317562,3.72974133494402
"46","EYT_3",0.3,"GY","LHT","Bed2IR",0.385377060063,0.0579054002562767,0.389944112899065,0.0542473755982528,0.0818853225760611,0.00852214305332475,0.0813803505982222,0.00886780309975756,0.0760154894241922,0.00394137320459968,0.0757735591938448,0.00408583600581655,26.9950738916256,7.37809213062193,27.1428571428571,9.66823284756421,40.6034482758621,5.82606107686133,40.7758620689655,5.1046682703259,48.5538626035819,4.01548458486731,48.2063619353114,4.99171373038517
"47","EYT_3",0.3,"Height","LHT","Bed2IR",0.409593853795656,0.0534827147671191,0.434850984136699,0.0490007188147772,22.9405191980038,2.35572875715735,22.3170814510524,2.24842283064491,0.062048079944525,0.00312494896483207,0.0612028544294125,0.00303326316080619,23.6330049261084,7.10295012775595,23.1034482758621,7.70875696862906,38.6206896551724,5.19956575810381,39.3965517241379,5.19580313675708,48.7837476610532,4.86600644154068,50.1697407110398,4.62437321392944
"48","EYT_3",0.5,"DTHD","Bed5IR","Bed2IR",0.455860632557246,0.0512254820645334,0.696053872381099,0.0283648185531791,7.28302375332507,0.636614268891944,4.72175555799052,0.339711575176369,0.0328733290221836,0.00146710350570336,0.0264774773034106,0.000985388264097513,33.4571702244116,8.20909718612423,48.7096332785988,9.00669129980754,42.6221264367816,5.20331755831741,56.4248084291188,3.89884640123531,50.6318126466482,4.46314203774959,63.5165879592504,4.26680893061325
"49","EYT_3",0.5,"DTHD","Flat5IR","Bed2IR",0.468628778181649,0.0526620521218605,0.690836654399601,0.0384041729331575,7.3306809942538,0.915198045640732,4.89844880594908,0.660405768045112,0.0329412242029156,0.00211338585926657,0.0269204692760542,0.00184830137666058,33.4975369458128,12.6392439980854,44.5443349753695,9.72739013440289,41.2068965517241,6.04807905694993,54.2241379310345,6.55876496260218,51.0411654637797,3.12851562235453,61.8457631649292,3.59202929056328
"50","EYT_3",0.5,"DTHD","FlatDrip","Bed2IR",0.475026505179132,0.0516765287482977,0.759711835531673,0.0285481753073937,7.38518430685738,0.86692207922149,4.02611579374877,0.536762398189352,0.0330885956888981,0.00198211702745727,0.0244202076293001,0.00162676081243715,36.1453201970443,8.60117610736987,52.2906403940887,9.59080868032962,45,5.4205455710198,59.3103448275862,5.46366912710074,51.9740711039829,5.49689232135989,66.8778401496926,3.95782370115158
"51","EYT_3",0.5,"DTHD","LHT","Bed2IR",0.461356915616433,0.0557538203704204,0.681883952554376,0.0300946387562591,7.04272847569218,0.915509713681558,4.77362079286786,0.580232487736211,0.0322701686657303,0.0021376126875656,0.0265755356858585,0.00163781611287556,31.564039408867,8.69106244450799,41.9458128078818,10.876288580075,40.2586206896552,5.19580313675707,50.5172413793103,5.12989176042577,50.224538893344,3.92147319581138,59.937182571505,4.50105709159826
"52","EYT_3",0.5,"DTMT","Bed5IR","Bed2IR",0.456322515755217,0.0760711627204201,0.647879267731104,0.0505754176880504,6.20077858749417,0.856281810838572,4.51238763170965,0.60855334009619,0.0215185940502334,0.00146399707697352,0.0183577102357926,0.00123599022315182,23.6699507389163,6.35936099694953,36.9827586206897,9.41208863964946,37.6724137931035,5.79374618334058,48.2758620689655,5.48082354647604,51.2603581929965,4.37980598944263,60.6816359262229,5.16269479053325
"53","EYT_3",0.5,"DTMT","Flat5IR","Bed2IR",0.480722134812547,0.0552283452532431,0.594956456308404,0.0394471678901994,6.26675269687323,0.680194346083321,5.24833404785156,0.557709716353391,0.021647287735378,0.00122025489478427,0.0198121229817687,0.00108482527255608,27.7586206896552,7.25225338303855,38.14039408867,9.89208778270111,39.051724137931,6.78851402358985,45.5172413793103,5.57703533354272,52.9604383854584,4.65721391898142,56.3579256883186,4.59088476773825
"54","EYT_3",0.5,"DTMT","FlatDrip","Bed2IR",0.46227530985547,0.0541587173851717,0.654231041496609,0.0340281725148005,6.62356263475077,0.597294109826968,4.820274600707,0.421358038485766,0.022271378401347,0.00102544221172693,0.0190009965142119,0.000837072855339884,32.5,7.2849250418733,36.85960591133,9.20802816509971,41.3793103448276,6.9417754986952,50.948275862069,7.65917310151926,51.3926757551457,5.89741836308496,60.6335204490778,5.02024378708408
"55","EYT_3",0.5,"DTMT","LHT","Bed2IR",0.467800066645926,0.0438901473057905,0.609401777785657,0.043752819852474,6.22668948405137,0.619770382986255,4.99108436354849,0.501278499986646,0.0215781561224571,0.00107490963983102,0.0193186609249172,0.000963618497258579,29.4581280788177,7.06821793421553,37.5369458128079,7.79926675895826,38.448275862069,6.07904212137582,43.3620689655172,6.18556022250911,52.4873028601978,3.7182346969015,56.8805132317562,3.72974133494402
"56","EYT_3",0.5,"GY","Bed5IR","Bed2IR",0.406550255630448,0.0332436559458164,0.421697419650784,0.041222747664956,0.0800202254547411,0.00886352316178957,0.0788983430723747,0.00857836120795262,0.0751707834713296,0.00446699914596312,0.0746435322146529,0.00435909844887957,28.6083743842365,6.96898652793895,29.1502463054187,6.30154622058661,40.8620689655172,5.89613248209777,41.2931034482759,6.06293525686253,46.8270515904838,4.6452371609185,47.3389468056669,3.77351291654699
"57","EYT_3",0.5,"GY","Flat5IR","Bed2IR",0.407341700461655,0.0479940351584074,0.410323755649214,0.0469633015654005,0.0814344382878955,0.00570876985136814,0.0812078216697486,0.00581442592809903,0.0758545388229526,0.00285438909690365,0.0757465235743232,0.00288936309349404,27.7216748768473,5.71662927008267,29.4950738916256,7.27632933473999,43.3620689655172,4.62211831531372,42.5862068965517,5.39740546293053,48.9080459770115,4.30420190434782,48.6781609195402,4.41563855763088
"58","EYT_3",0.5,"GY","FlatDrip","Bed2IR",0.416218689930986,0.0518986669217285,0.578416237770501,0.0343558527065372,0.0836723501610185,0.00751630952554898,0.0674444225171553,0.00619154908165809,0.076828837851073,0.00368842064386498,0.068976043789598,0.00341105257571848,30.4926108374384,7.88161135431037,36.8472906403941,6.83161397465988,42.9310344827586,5.3916049180383,48.7068965517241,5.44861470608885,47.520716385993,6.00730454275609,54.9117882919006,4.78032985186538
"59","EYT_3",0.5,"GY","LHT","Bed2IR",0.385377060063,0.0579054002562767,0.389944112899065,0.0542473755982528,0.0818853225760611,0.00852214305332475,0.0813803505982222,0.00886780309975756,0.0760154894241922,0.00394137320459968,0.0757735591938448,0.00408583600581655,26.9950738916256,7.37809213062193,27.1428571428571,9.66823284756421,40.6034482758621,5.82606107686133,40.7758620689655,5.1046682703259,48.5538626035819,4.01548458486731,48.2063619353114,4.99171373038517
"60","EYT_3",0.5,"Height","Bed5IR","Bed2IR",0.429503421035283,0.0413722415498777,0.477061865949552,0.0438612929035849,23.2380743006233,1.78965357104917,22.0210896790325,1.79276856867732,0.0625621535147582,0.00246041270312646,0.0608970368448965,0.00250700572775241,26.5270935960591,9.43777653352444,26.8226600985222,8.42187118852523,38.6206896551724,7.12858309306278,40.3448275862069,6.1633885491595,49.6030473135525,4.6757367609086,51.5076182838813,4.36699013602829
"61","EYT_3",0.5,"Height","Flat5IR","Bed2IR",0.419708884672102,0.0417777520697803,0.479907019897491,0.044037773360621,22.6300744222604,1.97042274995106,21.0891730219013,1.7827426239052,0.0617744139856037,0.00271828019536651,0.0596371731101982,0.0025537221593497,24.3965517241379,9.5879368205252,27.2044334975369,7.20737183276264,40.6034482758621,6.67697171711067,44.7413793103448,5.26163223397144,49.3063352044908,4.5041441121453,53.7089013632718,4.2040212178782
"62","EYT_3",0.5,"Height","FlatDrip","Bed2IR",0.411629343028021,0.053035395732501,0.421613849357182,0.0491551040948062,22.7017754074928,1.83582135244364,22.4437415330542,1.77086323441172,0.0619010861470254,0.00258969804755199,0.0615499932568635,0.00249117336683231,25.6034482758621,10.5509530209197,25.615763546798,10.3580911797635,38.7068965517241,5.82606107686133,40.6896551724138,5.98305804258135,49.3718257150495,5.79268923064801,49.8289227479284,4.65010265457856
"63","EYT_3",0.5,"Height","LHT","Bed2IR",0.409593853795656,0.0534827147671191,0.434850984136699,0.0490007188147772,22.9405191980038,2.35572875715735,22.3170814510524,2.24842283064491,0.062048079944525,0.00312494896483207,0.0612028544294125,0.00303326316080619,23.6330049261084,7.10295012775595,23.1034482758621,7.70875696862906,38.6206896551724,5.19956575810381,39.3965517241379,5.19580313675708,48.7837476610532,4.86600644154068,50.1697407110398,4.62437321392944
"64","EYT_3",0.5,"DTMT","Bed5IR","Bed2IR",0.447546273363771,0.0635925421059929,0.648640553667492,0.0412580717042544,6.37606793611867,0.755815687418569,4.59739308022483,0.514738196005328,0.021833972333381,0.00129809430775243,0.018543159449812,0.00104901755976419,24.2521893814997,5.3511028524345,37.0857279693487,8.03010481428612,37.7538314176245,4.9336580295047,47.6700191570881,4.97952334504008,50.6087573138495,3.93385486331643,60.6627572841486,4.44894398201759
"65","EYT_3",0.5,"GY","Bed5IR","Bed2IR",0.39539157999445,0.0324182989715834,0.410723374994243,0.0382303612962063,0.0813971180213709,0.00798146980575013,0.0801685339553299,0.00762063578522194,0.0757816326916278,0.00394489150295341,0.0752115559556017,0.00380747262995931,27.822249589491,6.25657018827171,28.6696086480569,5.8303276088254,41.0608237547893,5.33440292863844,41.4176245210728,5.40409891990649,47.2365529121744,4.16788606425133,47.5315200926668,3.55416589910751
"66","EYT_3",0.5,"Height","Bed5IR","Bed2IR",0.404969336462324,0.0537136365592102,0.460617621242691,0.0468334635850636,23.5477826705296,1.80914025459253,22.168922244226,1.70569285866174,0.0629805474695591,0.00245639914743775,0.0611086181615278,0.00237437578324426,24.6986179529283,8.44960240607278,26.4234400656814,7.26645127297311,37.8304597701149,6.40361685062933,40.2646072796935,5.34668852682216,48.5085130238498,4.51250551770222,51.3754492262912,3.93244250740225
"67","EYT_3",0.5,"DTHD","Flat5IR","Bed2IR",0.452988012961083,0.0505507663519077,0.69249521018342,0.0329807688231158,7.51416855696663,0.81036704192571,4.9137762791729,0.557249840637842,0.0333666169592311,0.00186105252800657,0.0269798700157533,0.00155283748518594,32.6094690749863,10.7477989273865,44.9045566502463,8.23315854045084,40.735153256705,5.31296885977263,54.2049808429119,5.44804728154897,50.2542954943717,3.31178711849386,62.1332865543972,3.50019898044553
"68","EYT_3",0.5,"DTMT","Flat5IR","Bed2IR",0.460792039305003,0.053835662266644,0.585862805649481,0.0356826232184715,6.44903231997576,0.621819334701502,5.36765964616549,0.497120311059811,0.021967263535682,0.00110958634427859,0.0200433474742204,0.0009636699014739,27.1863026819923,6.62510254342969,37.51026272578,8.22716202900509,38.6386494252874,5.91310372671395,45.3101053639847,5.05856551083625,51.7421441088241,4.53218090861112,56.1136171255458,3.89584302180502
"69","EYT_3",0.5,"GY","Flat5IR","Bed2IR",0.393804448314466,0.0456455664438282,0.397349065774326,0.0448635365176259,0.0827967396619673,0.00599800282337133,0.0825119172033307,0.00601842434875273,0.0764768665667815,0.00293862850109898,0.0763442926783989,0.00294351119600214,27.2311165845649,5.28727562507416,28.7606048166393,6.58954561611754,42.4497126436782,4.1401809849799,42.1060823754789,4.59930412137939,47.9757343550447,3.8566927869559,47.845625798212,3.94720406016725
"70","EYT_3",0.5,"Height","Flat5IR","Bed2IR",0.408741520708479,0.0404966030030287,0.476574753179957,0.0398139734850178,22.8694818306359,1.69802616045427,21.1964510077929,1.5171071229693,0.0620986724073114,0.00232917488108784,0.0597873798805995,0.00216679550157989,25.2921455938697,8.16564778491691,27.7196223316913,6.2699499966282,40.298132183908,5.68804593147301,44.1678639846743,4.74229394430846,48.8199642104013,3.9402464603268,53.3753786866257,3.74871139936108
"71","EYT_3",0.5,"DTHD","FlatDrip","Bed2IR",0.459144955760861,0.0529754578439177,0.75397963085642,0.0256942235414028,7.43814263215583,0.763838617841696,4.05757912692488,0.447369414301464,0.0332115712838821,0.00173744581867446,0.0245252181739133,0.00135735170185411,34.7218801313629,7.63964220758696,51.3882047071702,8.03642764764973,43.2291666666667,5.60886653736363,58.7416187739464,4.96447930079436,51.1771585137664,5.02406802444505,66.0435600997951,3.83811501721157
"72","EYT_3",0.5,"DTMT","FlatDrip","Bed2IR",0.453518973302328,0.0465001161042048,0.652956627078804,0.0288293842877204,6.53728954988237,0.534057749583342,4.72927394849741,0.385046449427507,0.0221257496834383,0.00091830434161974,0.0188196041962744,0.000769576603811886,30.1388888888889,7.37063641588088,35.9619594964423,7.87825251117621,40.6764846743295,5.96578922806756,49.9030172413793,6.5382692187513,51.321969021949,4.85080388387276,60.2603099290148,4.19130108502435
"73","EYT_3",0.5,"GY","FlatDrip","Bed2IR",0.404326791867949,0.0463256671388903,0.570760085708862,0.0306614048925561,0.0837879291284312,0.00653525194250258,0.067589278054694,0.00536204744718514,0.0769081349283929,0.00322318376146685,0.0690741621645345,0.00296448541079323,29.9117405582923,7.02988610058341,35.0509715380405,6.25973273324677,42.5095785440613,4.57270369175707,48.1657088122605,4.71290851061536,47.5832553684398,5.15882368197618,54.7560070094152,4.23344859467958
"74","EYT_3",0.5,"Height","FlatDrip","Bed2IR",0.400681523175771,0.0476038426430063,0.410858905070741,0.0450633407121971,22.961579378599,1.7878835689547,22.6993196257358,1.69295547772185,0.0622240476361889,0.00250103979951538,0.0618710015517712,0.00236754851882447,25.610632183908,8.83397858599701,24.8549534756431,9.00054134273559,38.3045977011494,5.0192123601651,40.216714559387,5.04887997239939,48.7941801063293,5.24759712288758,49.3766892393596,4.06356818245653
"75","EYT_3",0.5,"DTHD","LHT","Bed2IR",0.446348381428878,0.0524243271286879,0.678319980888346,0.0268771652322094,7.22993567835917,0.808761161400867,4.86167414604582,0.510539540528725,0.0327145004650731,0.00188626561723346,0.0268325246109643,0.0014383637884008,31.1815818281336,7.63098234875365,43.1722085385879,9.42502803720691,40.102969348659,4.57604941544197,50.9003831417625,4.7825896371973,49.8256185214886,3.82122031095636,59.7497883810033,4.08822543431971
"76","EYT_3",0.5,"DTMT","LHT","Bed2IR",0.455027616460943,0.0421096902733261,0.603604464952812,0.0370463864893613,6.30653355863625,0.559957571701277,5.04518432298957,0.439217973777111,0.0217213646221225,0.000971150066605332,0.0194289058577715,0.000846643140283701,29.0831964969896,6.10520609072847,37.2468527640941,7.53986906135136,38.0627394636015,5.60257747958661,43.9774904214559,5.53674085893778,51.2183870919837,4.06550562144836,56.6008977100597,3.64260466933139
"77","EYT_3",0.5,"GY","LHT","Bed2IR",0.375032056725676,0.0526898200497074,0.378700209680914,0.0497782006031611,0.082308067121951,0.00749088592409416,0.0818633533557502,0.00779224836202169,0.0762223709303931,0.00348502197848797,0.076010615804613,0.00361266152314418,26.2606048166393,6.36457933237377,26.4285714285714,8.20891334495006,40.1592432950192,5.30219374081412,40.1005747126437,4.61447493557777,47.8090565505361,3.78254650022323,47.6699820309483,4.49384540877287
"78","EYT_3",0.5,"Height","LHT","Bed2IR",0.401322892630904,0.048724252216899,0.428526811128414,0.0446819364560198,23.2598861133701,2.00577561636415,22.6132495494224,1.92186708007061,0.0625352318000656,0.00268086429746112,0.0616620487497954,0.00261092113392758,24.1581143951834,5.96287390336192,24.2911877394636,6.80311660387675,38.7679597701149,4.4325267703796,40.1532567049808,4.73961240533506,49.0502762184799,4.23026622714607,50.2520493629154,3.90240125510567
"79","EYT_3",0.75,"DTHD","Bed5IR","Bed2IR",0.425980339870607,0.0710698184810822,0.694349963752462,0.0257664060866489,7.51653733441964,0.723039937395493,4.75241484332263,0.322743712107271,0.0333856014554482,0.00162646468618892,0.0265620750735137,0.0009288758966216,31.7248221127531,8.00236486028314,48.3725027367269,8.03570888050437,40.9770114942529,5.46630741930949,56.0165229885057,3.60069098212937,49.2470076331343,4.74061691102098,62.9152187472155,3.93238696648688
"80","EYT_3",0.75,"DTHD","Flat5IR","Bed2IR",0.452988012961083,0.0505507663519077,0.69249521018342,0.0329807688231158,7.51416855696663,0.81036704192571,4.9137762791729,0.557249840637842,0.0333666169592311,0.00186105252800657,0.0269798700157533,0.00155283748518594,32.6094690749863,10.7477989273865,44.9045566502463,8.23315854045084,40.735153256705,5.31296885977263,54.2049808429119,5.44804728154897,50.2542954943717,3.31178711849386,62.1332865543972,3.50019898044553
"81","EYT_3",0.75,"DTHD","FlatDrip","Bed2IR",0.459144955760861,0.0529754578439177,0.75397963085642,0.0256942235414028,7.43814263215583,0.763838617841696,4.05757912692488,0.447369414301464,0.0332115712838821,0.00173744581867446,0.0245252181739133,0.00135735170185411,34.7218801313629,7.63964220758696,51.3882047071702,8.03642764764973,43.2291666666667,5.60886653736363,58.7416187739464,4.96447930079436,51.1771585137664,5.02406802444505,66.0435600997951,3.83811501721157
"82","EYT_3",0.75,"DTHD","LHT","Bed2IR",0.446348381428878,0.0524243271286879,0.678319980888346,0.0268771652322094,7.22993567835917,0.808761161400867,4.86167414604582,0.510539540528725,0.0327145004650731,0.00188626561723346,0.0268325246109643,0.0014383637884008,31.1815818281336,7.63098234875365,43.1722085385879,9.42502803720691,40.102969348659,4.57604941544197,50.9003831417625,4.7825896371973,49.8256185214886,3.82122031095636,59.7497883810033,4.08822543431971
"83","EYT_3",0.75,"DTMT","Bed5IR","Bed2IR",0.447546273363771,0.0635925421059929,0.648640553667492,0.0412580717042544,6.37606793611867,0.755815687418569,4.59739308022483,0.514738196005328,0.021833972333381,0.00129809430775243,0.018543159449812,0.00104901755976419,24.2521893814997,5.3511028524345,37.0857279693487,8.03010481428612,37.7538314176245,4.9336580295047,47.6700191570881,4.97952334504008,50.6087573138495,3.93385486331643,60.6627572841486,4.44894398201759
"84","EYT_3",0.75,"DTMT","Flat5IR","Bed2IR",0.460792039305003,0.053835662266644,0.585862805649481,0.0356826232184715,6.44903231997576,0.621819334701502,5.36765964616549,0.497120311059811,0.021967263535682,0.00110958634427859,0.0200433474742204,0.0009636699014739,27.1863026819923,6.62510254342969,37.51026272578,8.22716202900509,38.6386494252874,5.91310372671395,45.3101053639847,5.05856551083625,51.7421441088241,4.53218090861112,56.1136171255458,3.89584302180502
"85","EYT_3",0.75,"DTMT","FlatDrip","Bed2IR",0.453518973302328,0.0465001161042048,0.652956627078804,0.0288293842877204,6.53728954988237,0.534057749583342,4.72927394849741,0.385046449427507,0.0221257496834383,0.00091830434161974,0.0188196041962744,0.000769576603811886,30.1388888888889,7.37063641588088,35.9619594964423,7.87825251117621,40.6764846743295,5.96578922806756,49.9030172413793,6.5382692187513,51.321969021949,4.85080388387276,60.2603099290148,4.19130108502435
"86","EYT_3",0.75,"DTMT","LHT","Bed2IR",0.455027616460943,0.0421096902733261,0.603604464952812,0.0370463864893613,6.30653355863625,0.559957571701277,5.04518432298957,0.439217973777111,0.0217213646221225,0.000971150066605332,0.0194289058577715,0.000846643140283701,29.0831964969896,6.10520609072847,37.2468527640941,7.53986906135136,38.0627394636015,5.60257747958661,43.9774904214559,5.53674085893778,51.2183870919837,4.06550562144836,56.6008977100597,3.64260466933139
"87","EYT_3",0.75,"GY","Bed5IR","Bed2IR",0.39539157999445,0.0324182989715834,0.410723374994243,0.0382303612962063,0.0813971180213709,0.00798146980575013,0.0801685339553299,0.00762063578522194,0.0757816326916278,0.00394489150295341,0.0752115559556017,0.00380747262995931,27.822249589491,6.25657018827171,28.6696086480569,5.8303276088254,41.0608237547893,5.33440292863844,41.4176245210728,5.40409891990649,47.2365529121744,4.16788606425133,47.5315200926668,3.55416589910751
"88","EYT_3",0.75,"GY","Flat5IR","Bed2IR",0.393804448314466,0.0456455664438282,0.397349065774326,0.0448635365176259,0.0827967396619673,0.00599800282337133,0.0825119172033307,0.00601842434875273,0.0764768665667815,0.00293862850109898,0.0763442926783989,0.00294351119600214,27.2311165845649,5.28727562507416,28.7606048166393,6.58954561611754,42.4497126436782,4.1401809849799,42.1060823754789,4.59930412137939,47.9757343550447,3.8566927869559,47.845625798212,3.94720406016725
"89","EYT_3",0.75,"GY","FlatDrip","Bed2IR",0.404326791867949,0.0463256671388903,0.570760085708862,0.0306614048925561,0.0837879291284312,0.00653525194250258,0.067589278054694,0.00536204744718514,0.0769081349283929,0.00322318376146685,0.0690741621645345,0.00296448541079323,29.9117405582923,7.02988610058341,35.0509715380405,6.25973273324677,42.5095785440613,4.57270369175707,48.1657088122605,4.71290851061536,47.5832553684398,5.15882368197618,54.7560070094152,4.23344859467958
"90","EYT_3",0.75,"GY","LHT","Bed2IR",0.375032056725676,0.0526898200497074,0.378700209680914,0.0497782006031611,0.082308067121951,0.00749088592409416,0.0818633533557502,0.00779224836202169,0.0762223709303931,0.00348502197848797,0.076010615804613,0.00361266152314418,26.2606048166393,6.36457933237377,26.4285714285714,8.20891334495006,40.1592432950192,5.30219374081412,40.1005747126437,4.61447493557777,47.8090565505361,3.78254650022323,47.6699820309483,4.49384540877287
"91","EYT_3",0.75,"Height","Bed5IR","Bed2IR",0.404969336462324,0.0537136365592102,0.460617621242691,0.0468334635850636,23.5477826705296,1.80914025459253,22.168922244226,1.70569285866174,0.0629805474695591,0.00245639914743775,0.0611086181615278,0.00237437578324426,24.6986179529283,8.44960240607278,26.4234400656814,7.26645127297311,37.8304597701149,6.40361685062933,40.2646072796935,5.34668852682216,48.5085130238498,4.51250551770222,51.3754492262912,3.93244250740225
"92","EYT_3",0.75,"Height","Flat5IR","Bed2IR",0.408741520708479,0.0404966030030287,0.476574753179957,0.0398139734850178,22.8694818306359,1.69802616045427,21.1964510077929,1.5171071229693,0.0620986724073114,0.00232917488108784,0.0597873798805995,0.00216679550157989,25.2921455938697,8.16564778491691,27.7196223316913,6.2699499966282,40.298132183908,5.68804593147301,44.1678639846743,4.74229394430846,48.8199642104013,3.9402464603268,53.3753786866257,3.74871139936108
"93","EYT_3",0.75,"Height","FlatDrip","Bed2IR",0.400681523175771,0.0476038426430063,0.410858905070741,0.0450633407121971,22.961579378599,1.7878835689547,22.6993196257358,1.69295547772185,0.0622240476361889,0.00250103979951538,0.0618710015517712,0.00236754851882447,25.610632183908,8.83397858599701,24.8549534756431,9.00054134273559,38.3045977011494,5.0192123601651,40.216714559387,5.04887997239939,48.7941801063293,5.24759712288758,49.3766892393596,4.06356818245653
"94","EYT_3",0.75,"Height","LHT","Bed2IR",0.401322892630904,0.048724252216899,0.428526811128414,0.0446819364560198,23.2598861133701,2.00577561636415,22.6132495494224,1.92186708007061,0.0625352318000656,0.00268086429746112,0.0616620487497954,0.00261092113392758,24.1581143951834,5.96287390336192,24.2911877394636,6.80311660387675,38.7679597701149,4.4325267703796,40.1532567049808,4.73961240533506,49.0502762184799,4.23026622714607,50.2520493629154,3.90240125510567
"95","EYT_3",0.75,"DTMT","Bed5IR","Bed2IR",0.423056386997165,0.0724518918491917,0.646809027298405,0.036883675333606,6.57363123015318,0.760203509646063,4.64278870497165,0.456988017596874,0.0221685705873562,0.00129743162210733,0.0186390469355498,0.000931637224179033,23.9183087027915,5.31862732385021,37.119851532567,7.27176534179984,37.0827346743295,4.80134324449334,47.3497365900383,4.62276527684491,49.5074939113131,4.203067085419,60.3350309260744,4.09400817985944
"96","EYT_3",0.75,"GY","Bed5IR","Bed2IR",0.378564232788643,0.0436999288130787,0.396798917653524,0.0425482610325342,0.0833217636461123,0.00793924356982538,0.0819527926244392,0.00755184025874893,0.0766903036970333,0.00387137853008888,0.0760623418635191,0.00372319452666925,26.3527983032293,6.37792572311937,27.7522064860427,5.49912972270303,40.3095067049808,4.96211181141675,40.976412835249,4.90986153487724,46.8394517211678,3.88268067595407,47.3963252546853,3.2936312345569
"97","EYT_3",0.75,"Height","Bed5IR","Bed2IR",0.385758292555344,0.058284916669328,0.450553364916094,0.0444108052184478,23.9485875625737,1.73324910911168,22.4021984624049,1.54094548676633,0.0635215141742124,0.00234645723073874,0.0614404196412739,0.00214741551021979,24.5656301313629,7.55125138718151,26.7273022714833,6.5690474230132,37.4353448275862,5.73552902061041,40.1116499042146,4.74368298122867,47.7124032864059,4.29261518794925,50.9274202530518,3.50989649956039
"98","EYT_3",0.75,"DTHD","Flat5IR","Bed2IR",0.421493087965278,0.0733156899707828,0.686782933009165,0.0319159125968581,7.70735413882722,0.806128274716988,4.96553913771095,0.50421810090604,0.0337933925762948,0.00183018255749711,0.0271281275325152,0.00140321516952021,30.9501573617953,10.1234546665376,44.7200841543514,7.29109179146499,39.3881704980843,5.48817708696798,53.952346743295,4.86383694107716,48.6282216207788,4.18105463435516,62.2481130639461,3.26408028732762
"99","EYT_3",0.75,"DTMT","Flat5IR","Bed2IR",0.430459946496103,0.0738934467358677,0.571153948429954,0.0424274509195921,6.60826694443762,0.618240441619593,5.47832550415536,0.48332935724916,0.0222361078360356,0.00108691003166963,0.0202488592297538,0.000927573618820411,26.1188936781609,6.1441735306766,36.4660303776683,7.5661850445451,38.0414870689655,5.44644593859895,45.3541068007663,4.58458236036065,50.4501266001366,4.68403491657104,55.7194721034186,3.60149587766451
"100","EYT_3",0.75,"GY","Flat5IR","Bed2IR",0.370121923805161,0.0598951035675654,0.374321053285412,0.0579403141589616,0.084737677053269,0.00651926598760007,0.0843760851973716,0.00634309370010487,0.0773561480635891,0.0030988850826992,0.0771931809948286,0.00303065726908962,26.0830596606459,5.45837752356135,27.1607313902573,6.81473572243719,40.7088122605364,4.86722920534826,41.1628951149425,4.45220071457427,46.8730044699872,4.02525297369497,47.0879230523627,3.87278627802184
"101","EYT_3",0.75,"Height","Flat5IR","Bed2IR",0.389425128477535,0.0502418236928579,0.460989428640768,0.0452986534808299,23.3414511709832,1.73284166379476,21.6517866483641,1.57389287052616,0.0627365895152041,0.00236291104627647,0.060425268005179,0.0022333103563754,25.3927203065134,7.31401466547901,27.8036056376574,5.93872601498777,39.6854046934866,5.13872115483684,43.5425646551724,4.37184292022541,48.0733064911343,3.86545142020763,52.6241266075619,3.61126556401846
"102","EYT_3",0.75,"DTHD","FlatDrip","Bed2IR",0.428506941993656,0.0715485719404455,0.752064775074442,0.023318340441483,7.69646060221265,0.81142519355853,4.07786918141726,0.396116950348511,0.0337821948701327,0.00182467873773296,0.0245957854167367,0.00120261671059248,32.7427989874111,7.80994370052672,50.9717090859332,7.33355625549209,41.1371527777778,6.28493119273783,58.465936302682,4.5996901630773,49.81805407051,5.00769852181816,65.898410815587,3.38372696327453
"103","EYT_3",0.75,"DTMT","FlatDrip","Bed2IR",0.427536025954005,0.0624124840611899,0.648232868860726,0.0273477831485694,6.7225640439655,0.590059471429499,4.78682843949608,0.357456612522646,0.0224357342066819,0.00100073529924164,0.0189372454778114,0.000714804738605279,28.9583333333333,7.06630816880644,36.5895251778872,7.40191314752303,39.3094468390805,5.90025001407515,49.5626795977011,5.88248088083605,50.1581434331284,4.77550731951509,59.9753250393537,3.7203069573261
"104","EYT_3",0.75,"GY","FlatDrip","Bed2IR",0.383565405067113,0.057229106470618,0.563477856648431,0.0304312132123654,0.0850317236234984,0.00635170501104138,0.0681687945548477,0.00489792666687079,0.0774870357924297,0.00308244312191514,0.0693837921781332,0.00268699816181538,28.1976943076081,7.05437997704141,33.7535064313082,6.02660394065094,41.100933908046,4.98300531215043,47.8603927203065,4.36843958325678,46.3587378226262,5.08339059299796,54.3308941459503,3.76877924698758
"105","EYT_3",0.75,"Height","FlatDrip","Bed2IR",0.380072640537935,0.0578338632195235,0.392197433739459,0.0531896283189674,23.4948025186813,1.86232386996777,23.1984760766591,1.75906732231751,0.0629331531131706,0.00256142829328862,0.062538852252373,0.00242290788618599,25.0065852490421,7.81890259052068,24.2314928845101,7.92864883118228,37.7909482758621,4.71544339007014,39.1729525862069,4.9666562070743,47.9150795241914,4.91753116118566,48.3519613739642,4.1921085320385
"106","EYT_3",0.75,"DTHD","LHT","Bed2IR",0.417094683177824,0.0718224221374947,0.672994394893308,0.0264080583315206,7.50267549650297,0.866794007645497,4.95400354621174,0.48580923071855,0.0333235766810594,0.00198637312396734,0.0270918387506378,0.00136305633436066,29.1847974822113,7.61235176660745,42.552767515052,8.4084391045022,38.7056992337165,5.20047917349435,50.3454262452107,4.37088360505621,48.3067138911165,4.64729121690313,59.4419709153821,3.67901704452708
"107","EYT_3",0.75,"DTMT","LHT","Bed2IR",0.428804395465454,0.0600568681197136,0.595362035291273,0.0358651415037236,6.49979012836446,0.607810246860249,5.13276103427928,0.423334036142173,0.022049236647879,0.00104327859966454,0.0195986104085285,0.000815282813564949,27.2637862616311,6.48547306008937,36.129584017515,7.30444416893188,36.8630268199234,5.58064759729012,43.764367816092,5.06131817396544,49.6290680967656,4.69529858167447,56.0386362455077,3.4138943823869
"108","EYT_3",0.75,"GY","LHT","Bed2IR",0.363595747369487,0.0504484799920901,0.368310929428136,0.0481049737829654,0.0837482464802413,0.00697773082607207,0.0833199887718148,0.00723926325147404,0.076909283722654,0.00325697975055414,0.076707721811737,0.00336879969780128,25.5982313902573,6.23622319717304,25.8978174603175,7.34621952441288,39.7722102490421,4.80385441422745,39.8150143678161,4.13935657486979,47.0720701906799,3.62030261124784,47.1298013380261,4.17908096939931
"109","EYT_3",0.75,"Height","LHT","Bed2IR",0.380076465870706,0.0605838227046527,0.412335668732264,0.0524306384729259,23.8274863450085,2.09155151289318,23.1023937286233,2.00236462681108,0.0633023396387539,0.00279000978218715,0.0623339513074849,0.00270692000349413,24.2991413519431,5.35319617207016,24.676724137931,6.09651485315966,38.0343031609195,4.43103129947598,39.4378591954023,4.67080865579082,48.0145590157118,4.28041772793792,49.7607962814458,3.69010006892262
"110","EYT_3",0.8,"DTHD","Bed5IR","Bed2IR",0.402873720361922,0.080284478473071,0.691178790819463,0.0249496571023087,7.73692911043304,0.804872108780706,4.81868423815987,0.329406763275052,0.0338657763993472,0.00178678462297957,0.026747130838507,0.000938894738030459,30.3149226252675,8.08375161111546,47.9967034880828,7.26521125979817,39.5738169876101,5.79739172334847,55.5145170921033,3.43741161301571,48.0296407385421,5.07888269909868,62.4966771622746,3.71447114510126
"111","EYT_3",0.8,"DTHD","Flat5IR","Bed2IR",0.421493087965278,0.0733156899707828,0.686782933009165,0.0319159125968581,7.70735413882722,0.806128274716988,4.96553913771095,0.50421810090604,0.0337933925762948,0.00183018255749711,0.0271281275325152,0.00140321516952021,30.9501573617953,10.1234546665376,44.7200841543514,7.29109179146499,39.3881704980843,5.48817708696798,53.952346743295,4.86383694107716,48.6282216207788,4.18105463435516,62.2481130639461,3.26408028732762
"112","EYT_3",0.8,"DTHD","FlatDrip","Bed2IR",0.428506941993656,0.0715485719404455,0.752064775074442,0.023318340441483,7.69646060221265,0.81142519355853,4.07786918141726,0.396116950348511,0.0337821948701327,0.00182467873773296,0.0245957854167367,0.00120261671059248,32.7427989874111,7.80994370052672,50.9717090859332,7.33355625549209,41.1371527777778,6.28493119273783,58.465936302682,4.5996901630773,49.81805407051,5.00769852181816,65.898410815587,3.38372696327453
"113","EYT_3",0.8,"DTHD","LHT","Bed2IR",0.417094683177824,0.0718224221374947,0.672994394893308,0.0264080583315206,7.50267549650297,0.866794007645497,4.95400354621174,0.48580923071855,0.0333235766810594,0.00198637312396734,0.0270918387506378,0.00136305633436066,29.1847974822113,7.61235176660745,42.552767515052,8.4084391045022,38.7056992337165,5.20047917349435,50.3454262452107,4.37088360505621,48.3067138911165,4.64729121690313,59.4419709153821,3.67901704452708
"114","EYT_3",0.8,"DTMT","Bed5IR","Bed2IR",0.423056386997165,0.0724518918491917,0.646809027298405,0.036883675333606,6.57363123015318,0.760203509646063,4.64278870497165,0.456988017596874,0.0221685705873562,0.00129743162210733,0.0186390469355498,0.000931637224179033,23.9183087027915,5.31862732385021,37.119851532567,7.27176534179984,37.0827346743295,4.80134324449334,47.3497365900383,4.62276527684491,49.5074939113131,4.203067085419,60.3350309260744,4.09400817985944
"115","EYT_3",0.8,"DTMT","Flat5IR","Bed2IR",0.430459946496103,0.0738934467358677,0.571153948429954,0.0424274509195921,6.60826694443762,0.618240441619593,5.47832550415536,0.48332935724916,0.0222361078360356,0.00108691003166963,0.0202488592297538,0.000927573618820411,26.1188936781609,6.1441735306766,36.4660303776683,7.5661850445451,38.0414870689655,5.44644593859895,45.3541068007663,4.58458236036065,50.4501266001366,4.68403491657104,55.7194721034186,3.60149587766451
"116","EYT_3",0.8,"DTMT","FlatDrip","Bed2IR",0.427536025954005,0.0624124840611899,0.648232868860726,0.0273477831485694,6.7225640439655,0.590059471429499,4.78682843949608,0.357456612522646,0.0224357342066819,0.00100073529924164,0.0189372454778114,0.000714804738605279,28.9583333333333,7.06630816880644,36.5895251778872,7.40191314752303,39.3094468390805,5.90025001407515,49.5626795977011,5.88248088083605,50.1581434331284,4.77550731951509,59.9753250393537,3.7203069573261
"117","EYT_3",0.8,"DTMT","LHT","Bed2IR",0.428804395465454,0.0600568681197136,0.595362035291273,0.0358651415037236,6.49979012836446,0.607810246860249,5.13276103427928,0.423334036142173,0.022049236647879,0.00104327859966454,0.0195986104085285,0.000815282813564949,27.2637862616311,6.48547306008937,36.129584017515,7.30444416893188,36.8630268199234,5.58064759729012,43.764367816092,5.06131817396544,49.6290680967656,4.69529858167447,56.0386362455077,3.4138943823869
"118","EYT_3",0.8,"GY","Bed5IR","Bed2IR",0.378564232788643,0.0436999288130787,0.396798917653524,0.0425482610325342,0.0833217636461123,0.00793924356982538,0.0819527926244392,0.00755184025874893,0.0766903036970333,0.00387137853008888,0.0760623418635191,0.00372319452666925,26.3527983032293,6.37792572311937,27.7522064860427,5.49912972270303,40.3095067049808,4.96211181141675,40.976412835249,4.90986153487724,46.8394517211678,3.88268067595407,47.3963252546853,3.2936312345569
"119","EYT_3",0.8,"GY","Flat5IR","Bed2IR",0.370121923805161,0.0598951035675654,0.374321053285412,0.0579403141589616,0.084737677053269,0.00651926598760007,0.0843760851973716,0.00634309370010487,0.0773561480635891,0.0030988850826992,0.0771931809948286,0.00303065726908962,26.0830596606459,5.45837752356135,27.1607313902573,6.81473572243719,40.7088122605364,4.86722920534826,41.1628951149425,4.45220071457427,46.8730044699872,4.02525297369497,47.0879230523627,3.87278627802184
"120","EYT_3",0.8,"GY","FlatDrip","Bed2IR",0.383565405067113,0.057229106470618,0.563477856648431,0.0304312132123654,0.0850317236234984,0.00635170501104138,0.0681687945548477,0.00489792666687079,0.0774870357924297,0.00308244312191514,0.0693837921781332,0.00268699816181538,28.1976943076081,7.05437997704141,33.7535064313082,6.02660394065094,41.100933908046,4.98300531215043,47.8603927203065,4.36843958325678,46.3587378226262,5.08339059299796,54.3308941459503,3.76877924698758
"121","EYT_3",0.8,"GY","LHT","Bed2IR",0.363595747369487,0.0504484799920901,0.368310929428136,0.0481049737829654,0.0837482464802413,0.00697773082607207,0.0833199887718148,0.00723926325147404,0.076909283722654,0.00325697975055414,0.076707721811737,0.00336879969780128,25.5982313902573,6.23622319717304,25.8978174603175,7.34621952441288,39.7722102490421,4.80385441422745,39.8150143678161,4.13935657486979,47.0720701906799,3.62030261124784,47.1298013380261,4.17908096939931
"122","EYT_3",0.8,"Height","Bed5IR","Bed2IR",0.385758292555344,0.058284916669328,0.450553364916094,0.0444108052184478,23.9485875625737,1.73324910911168,22.4021984624049,1.54094548676633,0.0635215141742124,0.00234645723073874,0.0614404196412739,0.00214741551021979,24.5656301313629,7.55125138718151,26.7273022714833,6.5690474230132,37.4353448275862,5.73552902061041,40.1116499042146,4.74368298122867,47.7124032864059,4.29261518794925,50.9274202530518,3.50989649956039
"123","EYT_3",0.8,"Height","Flat5IR","Bed2IR",0.389425128477535,0.0502418236928579,0.460989428640768,0.0452986534808299,23.3414511709832,1.73284166379476,21.6517866483641,1.57389287052616,0.0627365895152041,0.00236291104627647,0.060425268005179,0.0022333103563754,25.3927203065134,7.31401466547901,27.8036056376574,5.93872601498777,39.6854046934866,5.13872115483684,43.5425646551724,4.37184292022541,48.0733064911343,3.86545142020763,52.6241266075619,3.61126556401846
"124","EYT_3",0.8,"Height","FlatDrip","Bed2IR",0.380072640537935,0.0578338632195235,0.392197433739459,0.0531896283189674,23.4948025186813,1.86232386996777,23.1984760766591,1.75906732231751,0.0629331531131706,0.00256142829328862,0.062538852252373,0.00242290788618599,25.0065852490421,7.81890259052068,24.2314928845101,7.92864883118228,37.7909482758621,4.71544339007014,39.1729525862069,4.9666562070743,47.9150795241914,4.91753116118566,48.3519613739642,4.1921085320385
"125","EYT_3",0.8,"Height","LHT","Bed2IR",0.380076465870706,0.0605838227046527,0.412335668732264,0.0524306384729259,23.8274863450085,2.09155151289318,23.1023937286233,2.00236462681108,0.0633023396387539,0.00279000978218715,0.0623339513074849,0.00270692000349413,24.2991413519431,5.35319617207016,24.676724137931,6.09651485315966,38.0343031609195,4.43103129947598,39.4378591954023,4.67080865579082,48.0145590157118,4.28041772793792,49.7607962814458,3.69010006892262
"126","EYT_3",0.8,"DTMT","Bed5IR","Bed2IR",0.400348933851869,0.0810269940565284,0.643285304413885,0.0346897419790043,6.75466840229534,0.786837425280821,4.69078994924242,0.431037481719433,0.0224708232425136,0.00133303176434532,0.0187380116883038,0.000877621395222197,23.5242573518436,5.21271176072719,37.1764007065731,6.73726340938514,36.3155383888143,4.76180241608861,47.0875814798229,4.3806562803167,48.5583760814314,4.53868253653507,59.774518247353,3.92118713028038
"127","EYT_3",0.8,"GY","Bed5IR","Bed2IR",0.359720558147195,0.0561749538003004,0.382709935812414,0.0482211685116158,0.0849310138061809,0.00790375842633468,0.0833986605710035,0.00746852305366396,0.0774192322347275,0.00379954152235597,0.0767233632432675,0.00363222580136547,25.3679529282978,6.17594316184862,26.7212457083147,5.60803061436553,39.0268261432055,5.27810831446539,40.2876237746927,4.71214014454419,45.9910418964148,4.14848194871397,46.8694411561292,3.32702459542847
"128","EYT_3",0.8,"Height","Bed5IR","Bed2IR",0.368761514708452,0.0630263484857745,0.441046711045848,0.0445714140036947,24.2937718576884,1.71782251910125,22.6411638021457,1.46790543840256,0.0639759884801234,0.00231349133981323,0.0617678266875277,0.00203870747806761,24.2499067024929,6.81785160287554,26.4987249340698,5.94882969393751,36.8703537841469,5.37886799945151,40.0243848584366,4.34492433371425,47.0616975208996,4.13594131581546,50.5254859859912,3.29696982172932
"129","EYT_3",0.8,"DTHD","Flat5IR","Bed2IR",0.396448108578955,0.0837141747926425,0.681212918544913,0.0314246796433464,7.92807158459923,0.856187228322848,5.04304115829358,0.482595704873799,0.034270929322024,0.00191498419132558,0.0273428585005604,0.00134094239724593,29.513372642683,9.73388991195173,44.2695738169876,6.68261961199859,37.7443026322337,6.11656747858073,53.4865527193113,4.4695633089186,47.3181617122074,4.72975165738087,61.919702572369,3.08244038705853
"130","EYT_3",0.8,"DTMT","Flat5IR","Bed2IR",0.407671686305203,0.0812423145118539,0.55963234273461,0.0451451469926927,6.76340617266484,0.643010679768679,5.59075612424804,0.50248653698399,0.022495219421737,0.00111481351146297,0.0204552698880933,0.000951746568349612,25.7522577996716,5.72727257569833,35.8481489774593,6.98905045901934,37.0955273175101,5.44410264412113,44.8157529730806,4.46389626169067,49.061399981408,5.15512756204935,55.3721144792717,3.34763217524417
"131","EYT_3",0.8,"GY","Flat5IR","Bed2IR",0.356724938348544,0.0603813224363805,0.360634341031513,0.0596846409926396,0.0856019367206999,0.00629148388791075,0.0852958985110046,0.00625408537759013,0.0777462561135674,0.0029757783121701,0.0776074585943515,0.00296860543961204,25.7495646116336,5.31181282591505,26.7415721251928,6.39141861216871,39.9436731850525,4.69210115185268,40.5017446633826,4.34591708785876,45.9659360435222,4.16308129812839,46.466875238427,3.78876997934824
"132","EYT_3",0.8,"Height","Flat5IR","Bed2IR",0.371879632774849,0.0594999093069601,0.451264395672342,0.0462145683235461,23.7817048018625,1.84542220362584,21.9520032363228,1.57221900855479,0.0633254611641368,0.00249841384912704,0.0608475207351489,0.00222416393135367,24.7557346867692,6.93187618683851,27.4376897049311,5.46410848788999,38.7093627158282,5.25136608566483,43.0418439319301,4.29362840783616,47.0906798249421,4.45013353738252,52.1685653553136,3.62273448539747
"133","EYT_3",0.8,"DTHD","FlatDrip","Bed2IR",0.407581663592527,0.0792056580247575,0.75034301609272,0.0216441146986279,7.84776449713024,0.798288029739436,4.10028304516545,0.364001023664445,0.0341146953017227,0.00178572136555956,0.0246674334528982,0.00110550794678307,31.1812521769418,7.8519387280472,50.6734711648505,6.74833083688468,39.4681637806638,6.6137898659229,58.3701516395482,4.26648305472392,48.6596380616028,5.25663468744768,65.6191615529025,3.28756392345568
"134","EYT_3",0.8,"DTMT","FlatDrip","Bed2IR",0.408251253494879,0.0701729527310508,0.643755607443919,0.027619724348453,6.83692718232798,0.587548923663839,4.82414703435788,0.344776906204192,0.0226263180234935,0.000991753569339391,0.0190118554962637,0.000688494190034384,27.8419913419913,6.8579815360624,36.466425337115,6.98330998286486,38.3566483803553,5.7320075723334,49.1046891327064,5.47676004207057,49.2693718893599,4.69982237328528,59.6945457457687,3.42131219716625
"135","EYT_3",0.8,"GY","FlatDrip","Bed2IR",0.366377377990792,0.0631940105254429,0.55799060419599,0.0298980626751721,0.0857928388574278,0.00595767474789602,0.068369901803935,0.00443674103241654,0.0778405213161706,0.00288381358019655,0.0694943655260866,0.00243182052952807,26.8178957058267,6.98353060583581,32.431376573618,6.15332361694257,40.075552321242,5.28652910719657,47.3402622281933,4.18518234661657,45.5804967516074,4.92766561992049,54.1227239747689,3.53806865891942
"136","EYT_3",0.8,"Height","FlatDrip","Bed2IR",0.361080385374965,0.065219706650581,0.373697982148784,0.0612938355890883,24.0926504946771,2.08929748200929,23.7780489514085,1.98172462955633,0.0637196852477672,0.00282667404483593,0.0633065675198386,0.0026907399435132,24.5247487187142,7.34086092562883,23.7748046972185,7.447148077919,37.1548365427676,4.584694939718,38.2214789520824,5.02040888351344,46.9467822340717,4.99651511540472,47.2789716965739,4.44324863289669
"137","EYT_3",0.8,"DTHD","LHT","Bed2IR",0.396267063495542,0.0772224565284722,0.670769830769397,0.0244109068065395,7.68246718390649,0.861232300620016,5.00569021881044,0.451893409939461,0.0337270532950951,0.00196369711508344,0.0272406900150682,0.00126789612070006,28.1270587649898,7.36295293826312,42.7694867393143,7.65587799677067,37.8736502960641,5.12931633020986,50.2503669701946,4.03809483184253,47.6150680825901,4.44559930919146,59.4237066024356,3.35780914877244
"138","EYT_3",0.8,"DTMT","LHT","Bed2IR",0.408657649518396,0.0680995020293033,0.590089020725242,0.03430157467276,6.63439726011488,0.614257803612817,5.19266705590449,0.403107293579435,0.0222780371136651,0.00105076207504015,0.0197156976195548,0.000776460923302939,26.1486913469672,6.3301361669975,36.2543165646614,6.7141821252114,36.6332785987958,5.08733374042236,44.0114942528736,4.76671709595538,48.8547696289276,4.55453268650902,55.8871860526832,3.1799583876807
"139","EYT_3",0.8,"GY","LHT","Bed2IR",0.349081567025751,0.058337854688293,0.353515948652719,0.0565195352629032,0.0853312691802108,0.00753286850520294,0.0847449774945049,0.00742395066400291,0.07761658954171,0.0034578706251916,0.0773506953863652,0.00342420542062498,24.2967669303876,6.3683145438383,24.718253968254,7.1741637104993,39.129456510922,4.7649709105924,38.8130504552918,4.37998670407481,46.2637167586045,3.99801165879734,46.2060055725854,4.40298556773942
"140","EYT_3",0.8,"Height","LHT","Bed2IR",0.360720325584497,0.0682186294393762,0.396247033720776,0.0573629756111874,24.3563928216733,2.20445540776304,23.5708234421151,2.0452564598639,0.0640008238044964,0.00292388560042809,0.0629657450716541,0.00276052739308476,23.8289234711648,5.24016299302207,24.7024182713838,5.65910138449587,37.4534165547097,4.25398139247069,39.0697678758024,4.46910850872896,47.2687900697123,4.26608802733978,49.124654341174,3.66079293228415
